,problem,solver,status,sanity_sat,task-clock:u,context-switches:u,cpu-migrations:u,page-faults:u,cycles:u,instructions:u,branches:u,branch-misses:u,slots:u,topdown-retiring:u,topdown-bad-spec:u,topdown-fe-bound:u,topdown-be-bound:u,elapsed,user,sys
0,out/benchmarks/non-incremental/QF_SNIA/20200224-Wu-PyExZ3/f72b09bc9444f702ad7cdf3a9075754e71d673f3d134d9f485f6608a,ostrich,Success,sat,3102.33,0,0,28418,9941752906,12368208598,2404647139,77476174,47371466385,7805077476,30061938277,10536454082,8506283465,1.129134928,2.831963000,0.293032000
1,out/benchmarks/non-incremental/QF_SNIA/20200224-Wu-PyExZ3/e007cfdcf4dd61007107222cbedbb46ad161a945ab5ee0a68d3f585a,ostrich,Success,sat,2973.84,0,0,26904,9540675864,10967496343,2154929296,68392854,42633370590,7627128342,25295397212,10247925852,8733913436,1.063381385,2.648510000,0.360995000
2,out/benchmarks/non-incremental/QF_SNIA/20200224-Wu-PyExZ3/e007cfdcf4dd61007107222cbedbb46ad161a945ab5ee0a68d3f585a,z3noodler,Success,sat,16.02,0,0,2677,37183016,72392919,15294648,157366,185915040,73464665,17487010,62837563,33544872,0.017277580,0.008718000,0.007765000
3,out/benchmarks/non-incremental/QF_SNIA/20200224-Wu-PyExZ3/5735c9082c3f9cd487c6376032029bb499ba1f87113dc9ca03adc6bc,ostrich,Success,sat,1813.85,0,0,19918,5712548252,6646145715,1319870493,43578305,26492378665,4869356619,13744109013,7100175946,5572766704,0.792023414,1.647703000,0.190148000
4,out/benchmarks/non-incremental/QF_SNIA/20200224-Wu-PyExZ3/f72b09bc9444f702ad7cdf3a9075754e71d673f3d134d9f485f6608a,z3alpha,Success,sat,47.57,0,0,5565,129462190,230328408,50348824,973549,646821865,208146710,144579857,202551198,105548450,0.054784582,0.040404000,0.007490000
5,out/benchmarks/non-incremental/QF_SNIA/20200224-Wu-PyExZ3/bdcb3877984a55b540face066045c4642cba1bc553af78576a41a76e,z3noodler,Success,sat,19.86,0,0,2710,38105122,70605507,14936497,145475,190525550,67768325,60417861,54911565,38278348,0.152406107,0.010464000,0.010452000
6,out/benchmarks/non-incremental/QF_SNIA/20200224-Wu-PyExZ3/bdcb3877984a55b540face066045c4642cba1bc553af78576a41a76e,z3,Success,unsupported,11.51,0,0,2010,13667368,15675068,3315569,71647,68336840,12436158,33104806,17322132,18994384,0.144185383,0.002228000,0.010009000
7,out/benchmarks/non-incremental/QF_SNIA/20200224-Wu-PyExZ3/bdcb3877984a55b540face066045c4642cba1bc553af78576a41a76e,cvc5,Success,sat,9.78,0,0,707,12932841,18670060,3652292,83081,63543640,17084508,15200635,29924006,4154570,0.207214378,0.005232000,0.005227000
8,out/benchmarks/non-incremental/QF_SNIA/20200224-Wu-PyExZ3/bdcb3877984a55b540face066045c4642cba1bc553af78576a41a76e,ostrich,Success,sat,1874.83,0,0,23422,5883170424,7286274215,1439262804,47111389,27882887745,5163664232,15472292510,7050720592,5113083552,0.805399299,1.692087000,0.210284000
9,out/benchmarks/non-incremental/QF_SNIA/20200224-Wu-PyExZ3/e007cfdcf4dd61007107222cbedbb46ad161a945ab5ee0a68d3f585a,z3alpha,Success,sat,48.53,0,0,5563,129896444,228212424,49927355,969932,649410580,206913720,151289069,197872543,112243215,0.062362776,0.033063000,0.015859000
10,out/benchmarks/non-incremental/QF_SNIA/20200224-Wu-PyExZ3/e007cfdcf4dd61007107222cbedbb46ad161a945ab5ee0a68d3f585a,z3,Success,unsupported,8.85,0,0,1996,13984360,17419461,3644315,86826,69921780,16307317,11450432,23944526,19269980,0.012475176,0.003084000,0.006177000
11,out/benchmarks/non-incremental/QF_SNIA/20200224-Wu-PyExZ3/f72b09bc9444f702ad7cdf3a9075754e71d673f3d134d9f485f6608a,z3noodler,Success,sat,16.48,0,0,2677,39415082,74890683,15808462,171224,197075410,75560825,19310704,68151104,35551481,0.017436584,0.008874000,0.007888000
12,out/benchmarks/non-incremental/QF_SNIA/20200224-Wu-PyExZ3/5735c9082c3f9cd487c6376032029bb499ba1f87113dc9ca03adc6bc,z3noodler,Success,sat,14.51,0,0,2134,35559831,70293583,14843480,141122,177799135,70949771,16028976,60109523,32064845,0.015326873,0.012754000,0.002124000
13,out/benchmarks/non-incremental/QF_SNIA/20200224-Wu-PyExZ3/5735c9082c3f9cd487c6376032029bb499ba1f87113dc9ca03adc6bc,cvc5,Success,sat,3.99,0,0,577,9071178,11382798,2270516,64908,45355870,11027701,5869583,24901261,3557323,0.005217006,0.000885000,0.003543000
14,out/benchmarks/non-incremental/QF_SNIA/20200224-Wu-PyExZ3/f72b09bc9444f702ad7cdf3a9075754e71d673f3d134d9f485f6608a,z3,Success,unsupported,8.50,0,0,1998,14471203,19470812,4047347,94128,72355935,18761902,9876305,25907269,18216317,0.009255626,0.001992000,0.006972000
15,out/benchmarks/non-incremental/QF_SNIA/20200224-Wu-PyExZ3/5735c9082c3f9cd487c6376032029bb499ba1f87113dc9ca03adc6bc,z3alpha,Success,sat,46.41,0,0,5511,124649602,224431179,49215493,943457,622188960,201207709,143314964,193066913,96650222,0.053738221,0.036326000,0.010491000
16,out/benchmarks/non-incremental/QF_SNIA/20200224-Wu-PyExZ3/bdcb3877984a55b540face066045c4642cba1bc553af78576a41a76e,z3alpha,Success,sat,61.36,0,0,6201,133603213,225210783,49368089,967570,667343695,189881643,350757804,182114891,114380090,0.447059035,0.036261000,0.026138000
17,out/benchmarks/non-incremental/QF_SNIA/20200224-Wu-PyExZ3/5735c9082c3f9cd487c6376032029bb499ba1f87113dc9ca03adc6bc,z3,Success,unsupported,7.76,0,0,1944,12149147,14711153,3098596,65249,60745735,14143992,7600525,20255641,19056543,0.008614512,0.004666000,0.003492000
18,out/benchmarks/non-incremental/QF_SNIA/20200224-Wu-PyExZ3/f72b09bc9444f702ad7cdf3a9075754e71d673f3d134d9f485f6608a,cvc5,Success,sat,8.15,0,0,674,22863022,36325688,7043340,150126,114232220,34941620,14782993,57340094,7167511,0.010192127,0.005700000,0.002852000
19,out/benchmarks/non-incremental/QF_SNIA/20200224-Wu-PyExZ3/e007cfdcf4dd61007107222cbedbb46ad161a945ab5ee0a68d3f585a,cvc5,Success,sat,6.19,0,0,631,14688644,22374062,4358377,102813,73443220,21611688,10656467,36459044,5345800,0.008274632,0.004636000,0.001860000
20,out/benchmarks/non-incremental/QF_SNIA/20180523-Reynolds/kaluza/sat/small/1588.corecstrs.readable,z3,Success,unsupported,7.83,0,0,1885,12493214,16647768,3490525,71793,61943595,15828691,8455002,20203425,17796742,0.008944061,0.004767000,0.003576000
21,out/benchmarks/non-incremental/QF_SNIA/20180523-Reynolds/kaluza/sat/small/1588.corecstrs.readable,ostrich,Success,sat,2812.27,0,0,30198,8548947415,10295145214,2032910563,60813971,38878792215,7260420947,21777576489,8919337481,8443060904,0.977895514,2.532221000,0.310383000
22,out/benchmarks/non-incremental/QF_SNIA/20180523-Reynolds/kaluza/sat/small/1590.corecstrs.readable,z3noodler,Success,sat,14.69,0,0,2731,35447555,71081455,15034539,140176,177237775,72150430,15980137,59155187,31249838,0.015335108,0.012132000,0.003039000
23,out/benchmarks/non-incremental/QF_SNIA/20180523-Reynolds/kaluza/sat/small/1557.corecstrs.readable,cvc5,Success,sat,3.33,0,0,578,7646283,9972914,1997522,56517,38231415,9773402,5247449,19968446,3326536,0.004283724,0.002071000,0.001725000
24,out/benchmarks/non-incremental/QF_SNIA/20180523-Reynolds/kaluza/sat/small/1908.corecstrs.readable,z3alpha,Success,sat,47.28,0,0,6021,126258594,227205421,49738155,946798,631076870,205308433,142608867,197856020,99303770,0.054685916,0.032689000,0.014961000
25,out/benchmarks/non-incremental/QF_SNIA/20180523-Reynolds/kaluza/sat/small/1885.corecstrs.readable,z3noodler,Success,sat,15.17,0,0,2726,35788145,70850004,14977876,140442,178893050,72125747,16829275,59012823,33639631,0.015849920,0.008268000,0.007245000
26,out/benchmarks/non-incremental/QF_SNIA/20180523-Reynolds/kaluza/sat/small/1550.corecstrs.readable,z3noodler,Success,sat,15.32,0,0,2728,36072344,71154148,15045229,141415,180361660,71995809,16260571,60198050,33213575,0.015965748,0.010475000,0.005245000
27,out/benchmarks/non-incremental/QF_SNIA/20180523-Reynolds/kaluza/sat/small/1627.corecstrs.readable,z3alpha,Success,sat,47.49,0,0,5511,125414986,228435432,49971765,950243,626995575,208211763,141717030,193703413,99241484,0.123055758,0.033792000,0.014137000
28,out/benchmarks/non-incremental/QF_SNIA/20180523-Reynolds/kaluza/sat/small/2009.corecstrs.readable,ostrich,Success,sat,2745.46,0,0,29757,8489330582,10122902146,2003097745,60027321,38296686790,7005548874,21834446001,8782366873,8103646215,0.974092976,2.521671000,0.254418000
29,out/benchmarks/non-incremental/QF_SNIA/20180523-Reynolds/kaluza/sat/small/1567.corecstrs.readable,z3alpha,Success,sat,46.67,0,0,6023,126202150,228495066,49966583,949050,631010750,206295189,142382645,198399034,99567882,0.054406043,0.033737000,0.013372000
30,out/benchmarks/non-incremental/QF_SNIA/20180523-Reynolds/kaluza/sat/small/1595.corecstrs.readable,z3noodler,Success,sat,15.79,0,0,2729,36615107,71074126,15031215,141375,183020425,71641032,17220654,61096774,34417298,0.016428140,0.011812000,0.004290000
31,out/benchmarks/non-incremental/QF_SNIA/20180523-Reynolds/kaluza/sat/small/1555.corecstrs.readable,ostrich,Success,sat,2483.55,0,0,29968,7509306368,9719468725,1907963839,59468531,35880606135,6486738392,22352146933,8206891472,6004890786,0.995274226,2.291696000,0.232999000
32,out/benchmarks/non-incremental/QF_SNIA/20180523-Reynolds/kaluza/sat/small/1626.corecstrs.readable,z3,Success,unsupported,7.63,0,0,1885,12432228,16568588,3472541,70127,62161120,15724300,8278101,20197682,18318999,0.008577218,0.002029000,0.006074000
33,out/benchmarks/non-incremental/QF_SNIA/20180523-Reynolds/kaluza/sat/small/1997.corecstrs.readable,ostrich,Success,sat,2550.36,0,0,29831,7785684143,10040345789,1964748728,60015532,36667311920,6922530844,20963569529,8869378420,6706585162,0.973193061,2.301458000,0.275621000
34,out/benchmarks/non-incremental/QF_SNIA/20180523-Reynolds/kaluza/sat/small/1635.corecstrs.readable,z3alpha,Success,sat,46.18,0,0,6021,124671835,228426991,49968130,950238,623297375,206163739,139822680,193843612,94985775,0.063289436,0.034037000,0.012642000
35,out/benchmarks/non-incremental/QF_SNIA/20180523-Reynolds/kaluza/sat/small/1636.corecstrs.readable,ostrich,Success,sat,2386.85,0,0,30498,7430566129,10010374165,1947887109,60450826,34641465520,7179809792,19575720791,9180546462,5099711197,0.961781127,2.158365000,0.257929000
36,out/benchmarks/non-incremental/QF_SNIA/20180523-Reynolds/kaluza/sat/small/2008.corecstrs.readable,z3noodler,Success,sat,15.04,0,0,2728,36131500,71339031,15069021,144226,180636150,72106140,16995444,58876152,33966113,0.015704052,0.006717000,0.008637000
37,out/benchmarks/non-incremental/QF_SNIA/20180523-Reynolds/kaluza/sat/small/1886.corecstrs.readable,ostrich,Success,sat,2704.99,0,0,30481,8372356657,10145529518,1999538376,60333656,38651446815,7054631688,21568271157,8795551209,8108188220,0.996373069,2.528692000,0.208473000
38,out/benchmarks/non-incremental/QF_SNIA/20180523-Reynolds/kaluza/sat/small/1573.corecstrs.readable,z3,Success,unsupported,7.98,0,0,1890,13246340,16829376,3528949,73231,65926520,16113521,8496539,22254414,19450856,0.009043711,0.005620000,0.002814000
39,out/benchmarks/non-incremental/QF_SNIA/20180523-Reynolds/kaluza/sat/small/1910.corecstrs.readable,z3noodler,Success,sat,14.61,0,0,2728,35246251,70846536,14975460,140975,176179730,71714524,16576448,58105128,31065128,0.015346574,0.009964000,0.004991000
40,out/benchmarks/non-incremental/QF_SNIA/20180523-Reynolds/kaluza/sat/small/1594.corecstrs.readable,z3alpha,Success,sat,47.79,0,0,6025,127789915,227259258,49733887,947647,638896590,205573120,141675373,196999259,107510530,0.075621509,0.031109000,0.017450000
41,out/benchmarks/non-incremental/QF_SNIA/20180523-Reynolds/kaluza/sat/small/1595.corecstrs.readable,z3,Success,unsupported,7.77,0,0,1888,12454430,16648370,3490739,71319,62272130,15753442,8291536,19965368,18593252,0.008559375,0.004530000,0.003628000
42,out/benchmarks/non-incremental/QF_SNIA/20180523-Reynolds/kaluza/sat/small/2009.corecstrs.readable,z3noodler,Success,sat,15.28,0,0,2727,36184378,71339278,15069083,144550,180853730,72204947,17015610,58947459,34003027,0.015922129,0.010733000,0.004881000
43,out/benchmarks/non-incremental/QF_SNIA/20180523-Reynolds/kaluza/sat/small/1597.corecstrs.readable,z3,Success,unsupported,7.91,0,0,1888,12717441,16648269,3490681,71062,63587185,15827041,8462935,20421012,19243375,0.008819253,0.001885000,0.006508000
44,out/benchmarks/non-incremental/QF_SNIA/20180523-Reynolds/kaluza/sat/small/1910.corecstrs.readable,z3alpha,Success,sat,48.64,0,0,6020,129668691,228244639,49915123,957981,648294325,203799677,145245124,198817661,112206740,0.055867333,0.030287000,0.018638000
45,out/benchmarks/non-incremental/QF_SNIA/20180523-Reynolds/kaluza/sat/small/1550.corecstrs.readable,z3alpha,Success,sat,49.33,0,0,6018,126579808,228774181,50037817,959780,632710835,206155278,146103595,196458677,99767334,0.057676137,0.037723000,0.012072000
46,out/benchmarks/non-incremental/QF_SNIA/20180523-Reynolds/kaluza/sat/small/1573.corecstrs.readable,ostrich,Success,sat,3036.82,0,0,30162,9433034989,10298349751,2063609858,60643212,40751013225,7383499113,20995873708,9603574840,9851366946,1.004802179,2.741391000,0.329388000
47,out/benchmarks/non-incremental/QF_SNIA/20180523-Reynolds/kaluza/sat/small/1886.corecstrs.readable,cvc5,Success,sat,3.38,0,0,571,7464832,9329454,1877139,56164,37324140,9103487,5122921,19788437,3395091,0.004204396,0.001491000,0.002239000
48,out/benchmarks/non-incremental/QF_SNIA/20180523-Reynolds/kaluza/sat/small/1554.corecstrs.readable,cvc5,Success,sat,3.54,0,0,578,7747078,9971642,1997357,56835,38699860,9741272,5159981,20364762,3518940,0.004385731,0.001941000,0.001940000
49,out/benchmarks/non-incremental/QF_SNIA/20180523-Reynolds/kaluza/sat/small/1910.corecstrs.readable,ostrich,Success,sat,2638.81,0,0,30766,8071706323,10109655994,1990153060,60074799,37197429345,7230257056,20691974448,9090388501,7149239260,0.969669097,2.428678000,0.244670000
50,out/benchmarks/non-incremental/QF_SNIA/20180523-Reynolds/kaluza/sat/small/2007.corecstrs.readable,z3alpha,Success,sat,45.80,0,0,5986,123653505,224391825,49202406,942409,618063745,201955157,145511000,193010448,93809446,0.053757064,0.031834000,0.014257000
51,out/benchmarks/non-incremental/QF_SNIA/20180523-Reynolds/kaluza/sat/small/1566.corecstrs.readable,cvc5,Success,sat,3.89,0,0,573,8327893,9800340,1964848,56811,41639445,9502689,5388634,23055920,3787471,0.005263626,0.001738000,0.002610000
52,out/benchmarks/non-incremental/QF_SNIA/20180523-Reynolds/kaluza/sat/small/2007.corecstrs.readable,z3noodler,Success,sat,15.24,0,0,2727,36482823,71339658,15069158,144667,182343055,72083179,17154793,60858519,33574974,0.016511239,0.010129000,0.005524000
53,out/benchmarks/non-incremental/QF_SNIA/20180523-Reynolds/kaluza/sat/small/1568.corecstrs.readable,ostrich,Success,sat,2797.47,0,0,29763,8839515163,10222674009,2024909741,60724410,39305057020,6936712616,22104332511,8988660271,8396685365,1.006743437,2.513086000,0.309651000
54,out/benchmarks/non-incremental/QF_SNIA/20180523-Reynolds/kaluza/sat/small/1909.corecstrs.readable,z3alpha,Success,sat,46.25,0,0,6015,124969464,228296758,49925634,952771,624847300,205679586,142533930,196818166,93131302,0.054159038,0.035538000,0.011199000
55,out/benchmarks/non-incremental/QF_SNIA/20180523-Reynolds/kaluza/sat/small/1633.corecstrs.readable,z3alpha,Success,sat,46.82,0,0,6022,123979742,228341910,49933594,960426,619732810,205108547,141631826,194332632,91350249,0.055370112,0.035761000,0.011435000
56,out/benchmarks/non-incremental/QF_SNIA/20180523-Reynolds/kaluza/sat/small/1556.corecstrs.readable,z3alpha,Success,sat,47.85,0,0,6024,128494822,228638169,50011028,953486,641930315,206355417,141271383,199585173,108718744,0.066176177,0.034821000,0.013620000
57,out/benchmarks/non-incremental/QF_SNIA/20180523-Reynolds/kaluza/sat/small/1574.corecstrs.readable,ostrich,Success,sat,2901.31,0,0,30256,8888684376,10338572378,2052688436,60977616,39764522155,7382046211,21399078948,9327108075,8956593419,0.981316498,2.602401000,0.329824000
58,out/benchmarks/non-incremental/QF_SNIA/20180523-Reynolds/kaluza/sat/small/2008.corecstrs.readable,cvc5,Success,sat,3.08,0,0,555,6564973,8039988,1640125,50620,32824845,7880219,4505370,17405861,3117399,0.004095497,0.002305000,0.001151000
59,out/benchmarks/non-incremental/QF_SNIA/20180523-Reynolds/kaluza/sat/small/1574.corecstrs.readable,cvc5,Success,sat,3.37,0,0,574,7544873,9800128,1964802,56486,37724345,9616009,5029912,19823773,3254649,0.004225551,0.002795000,0.000933000
60,out/benchmarks/non-incremental/QF_SNIA/20180523-Reynolds/kaluza/sat/small/1566.corecstrs.readable,z3alpha,Success,sat,47.26,0,0,6055,127421297,228512585,49971887,951308,637106465,206680698,143304869,198309892,101999283,0.054930673,0.036281000,0.011344000
61,out/benchmarks/non-incremental/QF_SNIA/20180523-Reynolds/kaluza/sat/small/1885.corecstrs.readable,ostrich,Success,sat,2467.39,0,0,30145,7426965834,10090070017,1963457235,60440296,35768015405,6926105080,21545903979,8585775576,5765624054,0.981876134,2.242943000,0.261017000
62,out/benchmarks/non-incremental/QF_SNIA/20180523-Reynolds/kaluza/sat/small/1884.corecstrs.readable,z3alpha,Success,sat,48.90,0,0,6018,127425598,228247704,49913679,951966,637127970,205147574,142256511,199253099,103245297,0.067006688,0.034839000,0.014515000
63,out/benchmarks/non-incremental/QF_SNIA/20180523-Reynolds/kaluza/sat/small/1637.corecstrs.readable,z3,Success,unsupported,7.46,0,0,1885,12279939,16571166,3473559,71106,61399695,15766318,8174422,19969568,17851245,0.008284391,0.002606000,0.005200000
64,out/benchmarks/non-incremental/QF_SNIA/20180523-Reynolds/kaluza/sat/small/1911.corecstrs.readable,z3noodler,Success,sat,15.31,0,0,2728,35880800,70866241,14980553,140021,179403980,71626640,16878337,59177191,33032040,0.015998963,0.008827000,0.006875000
65,out/benchmarks/non-incremental/QF_SNIA/20180523-Reynolds/kaluza/sat/small/1550.corecstrs.readable,cvc5,Success,sat,3.50,0,0,578,7711601,9972978,1997532,56325,38558005,9705664,5292275,20290214,3354933,0.004372253,0.002166000,0.001730000
66,out/benchmarks/non-incremental/QF_SNIA/20180523-Reynolds/kaluza/sat/small/1597.corecstrs.readable,z3alpha,Success,sat,46.83,0,0,6028,126492560,227170182,49717204,943712,632217005,205314488,137769744,196874455,103537392,0.054357308,0.030857000,0.016310000
67,out/benchmarks/non-incremental/QF_SNIA/20180523-Reynolds/kaluza/sat/small/1596.corecstrs.readable,z3alpha,Success,sat,48.83,0,0,6022,131276262,227137013,49713035,944503,656340210,204905704,139001471,200532714,123055310,0.065570050,0.039597000,0.009538000
68,out/benchmarks/non-incremental/QF_SNIA/20180523-Reynolds/kaluza/sat/small/1626.corecstrs.readable,z3alpha,Success,sat,46.99,0,0,6036,126937201,228559832,49989173,966571,634571695,205356374,145038731,196545617,99493755,0.054803330,0.041207000,0.006197000
69,out/benchmarks/non-incremental/QF_SNIA/20180523-Reynolds/kaluza/sat/small/2008.corecstrs.readable,z3alpha,Success,sat,48.73,0,0,5987,132551462,224449289,49206879,956072,650200900,204157919,140007175,203794714,114066571,0.061846789,0.034314000,0.014773000
70,out/benchmarks/non-incremental/QF_SNIA/20180523-Reynolds/kaluza/sat/small/1568.corecstrs.readable,z3alpha,Success,sat,48.26,0,0,6023,126520274,228565809,50000927,945584,632601330,205972175,141574569,199211406,99119327,0.066781619,0.036012000,0.012777000
71,out/benchmarks/non-incremental/QF_SNIA/20180523-Reynolds/kaluza/sat/small/1575.corecstrs.readable,z3alpha,Success,sat,46.69,0,0,5516,126655280,228504214,49955165,953798,633046110,206153679,140461611,195900417,103101290,0.054023375,0.033526000,0.013473000
72,out/benchmarks/non-incremental/QF_SNIA/20180523-Reynolds/kaluza/sat/small/1884.corecstrs.readable,z3,Success,unsupported,7.91,0,0,1886,13023529,16479764,3452165,70946,64830485,15647364,8377610,22100071,19093906,0.008899414,0.005013000,0.003345000
73,out/benchmarks/non-incremental/QF_SNIA/20180523-Reynolds/kaluza/sat/small/1628.corecstrs.readable,z3,Success,unsupported,7.45,0,0,1888,12122492,16569793,3472938,71565,60612460,15796184,8307634,19704739,17146770,0.008285721,0.003968000,0.003961000
74,out/benchmarks/non-incremental/QF_SNIA/20180523-Reynolds/kaluza/sat/small/1885.corecstrs.readable,z3,Success,unsupported,7.52,0,0,1376,12853548,16480497,3452076,71674,64267740,15260761,8555868,21388510,19447439,0.008320602,0.001967000,0.005900000
75,out/benchmarks/non-incremental/QF_SNIA/20180523-Reynolds/kaluza/sat/small/1884.corecstrs.readable,cvc5,Success,sat,3.39,0,0,572,7442133,9329455,1877140,56629,37210665,9075650,5107346,19728115,3384608,0.004262644,0.002088000,0.001595000
76,out/benchmarks/non-incremental/QF_SNIA/20180523-Reynolds/kaluza/sat/small/1633.corecstrs.readable,ostrich,Success,sat,2711.45,0,0,30737,8256820737,10213748184,2009166023,60868208,37536327995,7066398893,21893883231,8849804265,7087773322,0.984097708,2.507394000,0.242885000
77,out/benchmarks/non-incremental/QF_SNIA/20180523-Reynolds/kaluza/sat/small/1886.corecstrs.readable,z3noodler,Success,sat,15.64,0,0,2731,36437960,70921280,14995997,139669,181867930,71902465,15686391,61401263,34202259,0.016293255,0.008009000,0.008016000
78,out/benchmarks/non-incremental/QF_SNIA/20180523-Reynolds/kaluza/sat/small/1598.corecstrs.readable,z3alpha,Success,sat,46.72,0,0,6023,126147586,227242401,49724852,946666,630699340,206096231,139904785,195176563,103068532,0.054323172,0.034604000,0.012558000
79,out/benchmarks/non-incremental/QF_SNIA/20180523-Reynolds/kaluza/sat/small/1572.corecstrs.readable,z3,Success,unsupported,7.52,0,0,1888,12410291,16827570,3528277,73134,62051435,15938081,8502743,20172773,17797700,0.008403662,0.003986000,0.003984000
80,out/benchmarks/non-incremental/QF_SNIA/20180523-Reynolds/kaluza/sat/small/1551.corecstrs.readable,cvc5,Success,sat,3.42,0,0,577,7645343,9971817,1997396,56707,38226695,9772312,5246801,19966096,3326241,0.004282235,0.003869000,0.000000000
81,out/benchmarks/non-incremental/QF_SNIA/20180523-Reynolds/kaluza/sat/small/1627.corecstrs.readable,z3,Success,unsupported,7.86,0,0,1376,13090870,16569152,3472394,70660,65454330,15531915,8200686,21793006,20305912,0.008802206,0.002816000,0.005632000
82,out/benchmarks/non-incremental/QF_SNIA/20180523-Reynolds/kaluza/sat/small/2007.corecstrs.readable,ostrich,Success,sat,2893.63,0,0,29968,8910797928,10197524567,2027218771,60270826,39630484050,7344031278,21917090928,9218027822,9132878934,0.987546955,2.684214000,0.242519000
83,out/benchmarks/non-incremental/QF_SNIA/20180523-Reynolds/kaluza/sat/small/1572.corecstrs.readable,z3noodler,Success,sat,15.87,0,0,2728,37196733,71158190,15049083,141591,185220945,72428556,15965531,62590295,35562280,0.016584547,0.009157000,0.007134000
84,out/benchmarks/non-incremental/QF_SNIA/20180523-Reynolds/kaluza/sat/small/1997.corecstrs.readable,z3alpha,Success,sat,46.75,0,0,5984,123521032,224338158,49173699,932916,617605140,201176198,140865431,193632495,95660382,0.055497602,0.036861000,0.010312000
85,out/benchmarks/non-incremental/QF_SNIA/20180523-Reynolds/kaluza/sat/small/1556.corecstrs.readable,z3noodler,Success,sat,15.18,0,0,2731,36017775,71233569,15066057,140934,180088875,72528354,16227810,59430600,33185513,0.015922082,0.011947000,0.003681000
86,out/benchmarks/non-incremental/QF_SNIA/20180523-Reynolds/kaluza/sat/small/1910.corecstrs.readable,cvc5,Success,sat,3.51,0,0,571,7487484,9330463,1877233,56283,37437400,9130963,5285280,19701523,3405243,0.004328276,0.001312000,0.002626000
87,out/benchmarks/non-incremental/QF_SNIA/20180523-Reynolds/kaluza/sat/small/1555.corecstrs.readable,z3noodler,Success,sat,15.75,0,0,2729,37666284,71241389,15070067,142392,181641465,72517499,15664955,59912251,34869593,0.016471663,0.010161000,0.006096000
88,out/benchmarks/non-incremental/QF_SNIA/20180523-Reynolds/kaluza/sat/small/1554.corecstrs.readable,z3noodler,Success,sat,15.10,0,0,2734,35678344,71234890,15066853,142223,178391700,72541887,16070039,58905661,32169815,0.015851377,0.008740000,0.006806000
89,out/benchmarks/non-incremental/QF_SNIA/20180523-Reynolds/kaluza/sat/small/1637.corecstrs.readable,ostrich,Success,sat,2628.08,0,0,29887,7982810814,10117758787,1986112766,60807475,37527111230,6923324670,21977813050,8746590142,7239026641,0.981515762,2.388196000,0.274809000
90,out/benchmarks/non-incremental/QF_SNIA/20180523-Reynolds/kaluza/sat/small/1907.corecstrs.readable,z3,Success,unsupported,7.57,0,0,1886,12218364,16479585,3452103,71044,61091820,15686431,8371319,19632849,17755553,0.008419279,0.002015000,0.006042000
91,out/benchmarks/non-incremental/QF_SNIA/20180523-Reynolds/kaluza/sat/small/1553.corecstrs.readable,cvc5,Success,sat,3.49,0,0,578,8218303,9972882,1997514,56833,41091515,9699276,5317725,22590731,3575834,0.004402127,0.002947000,0.000983000
92,out/benchmarks/non-incremental/QF_SNIA/20180523-Reynolds/kaluza/sat/small/1588.corecstrs.readable,cvc5,Success,sat,3.89,0,0,574,8259798,9626319,1932172,56369,41298990,9424928,5182618,23191258,3594483,0.004807835,0.002613000,0.001745000
93,out/benchmarks/non-incremental/QF_SNIA/20180523-Reynolds/kaluza/sat/small/1909.corecstrs.readable,ostrich,Success,sat,2913.65,0,0,30326,8920514419,10280700735,2042442931,60764447,39823591605,7279053569,21470214143,9170776410,9041296768,0.999678698,2.668643000,0.280085000
94,out/benchmarks/non-incremental/QF_SNIA/20180523-Reynolds/kaluza/sat/small/1626.corecstrs.readable,z3noodler,Success,sat,14.96,0,0,2217,35888401,70909621,14989714,139763,179155640,71527590,16151884,59094502,33686288,0.015621545,0.010298000,0.005152000
95,out/benchmarks/non-incremental/QF_SNIA/20180523-Reynolds/kaluza/sat/small/1628.corecstrs.readable,z3noodler,Success,sat,15.32,0,0,2730,36292787,70996999,15013567,141240,181398725,71704839,16355768,61250695,33410429,0.016002412,0.010804000,0.004912000
96,out/benchmarks/non-incremental/QF_SNIA/20180523-Reynolds/kaluza/sat/small/1598.corecstrs.readable,ostrich,Success,sat,3004.51,0,0,30565,9265754938,10332319816,2060285699,60526652,40717652305,7571068800,21602194843,9525292759,9737184227,1.001598302,2.716416000,0.329631000
97,out/benchmarks/non-incremental/QF_SNIA/20180523-Reynolds/kaluza/sat/small/1552.corecstrs.readable,z3alpha,Success,sat,47.72,0,0,6022,128345067,228640561,49983811,952597,641666280,207846878,142998463,198205047,105997746,0.055684326,0.036798000,0.011252000
98,out/benchmarks/non-incremental/QF_SNIA/20180523-Reynolds/kaluza/sat/small/1554.corecstrs.readable,z3alpha,Success,sat,48.70,0,0,5508,126162966,228630559,50009504,943954,630814830,206872589,141016720,195956493,101047385,0.057733482,0.039907000,0.009291000
99,out/benchmarks/non-incremental/QF_SNIA/20180523-Reynolds/kaluza/sat/small/1567.corecstrs.readable,z3,Success,unsupported,7.94,0,0,1888,12595891,16828608,3528611,72546,62979435,15928616,8631522,20479771,18304595,0.008853152,0.003591000,0.004816000
100,out/benchmarks/non-incremental/QF_SNIA/20180523-Reynolds/kaluza/sat/small/1574.corecstrs.readable,z3,Success,unsupported,7.90,0,0,1885,13272173,16827970,3528452,72732,66360845,16019553,8575430,22361592,19809511,0.008715000,0.004177000,0.004175000
101,out/benchmarks/non-incremental/QF_SNIA/20180523-Reynolds/kaluza/sat/small/1634.corecstrs.readable,ostrich,Success,sat,2981.32,0,0,30676,9065972024,10268154851,2044014605,60334567,40200487990,7353650804,21580611134,9520332355,9336103684,1.007578221,2.740797000,0.274907000
102,out/benchmarks/non-incremental/QF_SNIA/20180523-Reynolds/kaluza/sat/small/1576.corecstrs.readable,ostrich,Success,sat,2530.27,0,0,30202,7536049451,10185799064,1981115354,61005701,36355366475,6968723029,21740092953,8514198667,5893005018,0.979279408,2.277018000,0.294235000
103,out/benchmarks/non-incremental/QF_SNIA/20180523-Reynolds/kaluza/sat/small/1557.corecstrs.readable,ostrich,Success,sat,2737.84,0,0,30431,8431052956,10257013060,2012750917,62459624,36761680945,7112676858,21887414125,8637581598,6568414860,1.027738719,2.509746000,0.251109000
104,out/benchmarks/non-incremental/QF_SNIA/20180523-Reynolds/kaluza/sat/small/1551.corecstrs.readable,z3,Success,unsupported,8.03,0,0,1894,13281603,16905427,3545498,72563,66407995,16025133,8580378,22312969,19828158,0.008821318,0.005710000,0.002855000
105,out/benchmarks/non-incremental/QF_SNIA/20180523-Reynolds/kaluza/sat/small/1885.corecstrs.readable,z3alpha,Success,sat,47.19,0,0,6019,125644748,228196463,49898380,954745,628223680,205696442,140830416,199400931,94658655,0.055291388,0.032750000,0.014954000
106,out/benchmarks/non-incremental/QF_SNIA/20180523-Reynolds/kaluza/sat/small/1635.corecstrs.readable,cvc5,Success,sat,3.81,0,0,572,8115879,9474726,1903851,55969,40579395,9261212,5092316,22787677,3532356,0.004770931,0.002162000,0.002160000
107,out/benchmarks/non-incremental/QF_SNIA/20180523-Reynolds/kaluza/sat/small/1997.corecstrs.readable,cvc5,Success,sat,3.50,0,0,555,7192973,8040162,1640163,50611,35964845,7788155,4654274,20340591,3274919,0.004389295,0.001999000,0.001999000
108,out/benchmarks/non-incremental/QF_SNIA/20180523-Reynolds/kaluza/sat/small/2008.corecstrs.readable,z3,Success,unsupported,7.05,0,0,1854,10779695,13598522,2877693,60276,53898455,12778492,7383962,16891515,17147944,0.007959799,0.003711000,0.003707000
109,out/benchmarks/non-incremental/QF_SNIA/20180523-Reynolds/kaluza/sat/small/1588.corecstrs.readable,z3noodler,Success,sat,14.85,0,0,2732,35571481,70979014,15003941,140270,177584465,72290852,16010782,58569971,32009487,0.015597846,0.012127000,0.003034000
110,out/benchmarks/non-incremental/QF_SNIA/20180523-Reynolds/kaluza/sat/small/1590.corecstrs.readable,cvc5,Success,sat,3.39,0,0,574,7506179,9626355,1932171,55698,37530895,9447640,5151299,19750239,3266082,0.004381944,0.001884000,0.001887000
111,out/benchmarks/non-incremental/QF_SNIA/20180523-Reynolds/kaluza/sat/small/1907.corecstrs.readable,z3noodler,Success,sat,14.54,0,0,2728,35286533,70843130,14974329,140733,176118825,71706150,15881305,59460999,30362284,0.015423845,0.011226000,0.003744000
112,out/benchmarks/non-incremental/QF_SNIA/20180523-Reynolds/kaluza/sat/small/1552.corecstrs.readable,z3,Success,unsupported,7.83,0,0,1887,12862989,16906015,3545686,73066,63470870,16048772,8449504,20390843,18947086,0.008669721,0.003521000,0.004698000
113,out/benchmarks/non-incremental/QF_SNIA/20180523-Reynolds/kaluza/sat/small/1635.corecstrs.readable,z3noodler,Success,sat,15.00,0,0,2729,35530695,70998412,15014079,139729,177653435,72313500,15321519,58600436,32711964,0.015725037,0.008231000,0.007206000
114,out/benchmarks/non-incremental/QF_SNIA/20180523-Reynolds/kaluza/sat/small/1908.corecstrs.readable,z3,Success,unsupported,7.54,0,0,1887,12182419,16482383,3453040,70068,60912075,15641419,8350109,19564822,17707412,0.008441285,0.002952000,0.004915000
115,out/benchmarks/non-incremental/QF_SNIA/20180523-Reynolds/kaluza/sat/small/1575.corecstrs.readable,cvc5,Success,sat,3.17,0,0,574,7451323,9800152,1964807,56525,37256595,9524193,5259754,19459284,3095603,0.004104815,0.003606000,0.000000000
116,out/benchmarks/non-incremental/QF_SNIA/20180523-Reynolds/kaluza/sat/small/1637.corecstrs.readable,cvc5,Success,sat,3.72,0,0,572,8095871,9474793,1903868,56039,40479355,9238138,5238504,22572514,3523406,0.004673270,0.004119000,0.000000000
117,out/benchmarks/non-incremental/QF_SNIA/20180523-Reynolds/kaluza/sat/small/2009.corecstrs.readable,z3alpha,Success,sat,47.04,0,0,5984,122890888,224375424,49194292,934321,614454440,203155780,140231042,192664879,94236178,0.056012006,0.032010000,0.015457000
118,out/benchmarks/non-incremental/QF_SNIA/20180523-Reynolds/kaluza/sat/small/1573.corecstrs.readable,cvc5,Success,sat,3.47,0,0,574,7606680,9801327,1964939,56071,38033400,9574268,5220270,20014809,3309942,0.004434803,0.002880000,0.000960000
119,out/benchmarks/non-incremental/QF_SNIA/20180523-Reynolds/kaluza/sat/small/2009.corecstrs.readable,z3,Success,unsupported,7.08,0,0,1342,11460666,13599951,2877973,59881,57303310,12664517,6940293,18851415,19115029,0.008053821,0.004254000,0.003193000
120,out/benchmarks/non-incremental/QF_SNIA/20180523-Reynolds/kaluza/sat/small/1553.corecstrs.readable,ostrich,Success,sat,2741.76,0,0,30940,8490965946,10279723556,2019694563,61802613,37713903250,7188101383,20809053990,9230169691,7176740600,1.029674000,2.510993000,0.263280000
121,out/benchmarks/non-incremental/QF_SNIA/20180523-Reynolds/kaluza/sat/small/1572.corecstrs.readable,ostrich,Success,sat,2995.85,0,0,30089,9209316325,10274963203,2051687997,60590447,40735049280,7357048903,21832234896,9523669990,9937983744,1.000319826,2.684315000,0.346509000
122,out/benchmarks/non-incremental/QF_SNIA/20180523-Reynolds/kaluza/sat/small/1589.corecstrs.readable,z3alpha,Success,sat,47.82,0,0,6025,128340879,227166076,49711928,941048,641650930,204858095,140889115,196337164,113394619,0.055868686,0.034705000,0.013553000
123,out/benchmarks/non-incremental/QF_SNIA/20180523-Reynolds/kaluza/sat/small/1635.corecstrs.readable,ostrich,Success,sat,2707.82,0,0,30206,8004454113,10140057855,1988260354,60520604,37485835560,6912126590,21849440726,8821961099,7005960915,1.002448558,2.458157000,0.286050000
124,out/benchmarks/non-incremental/QF_SNIA/20180523-Reynolds/kaluza/sat/small/1597.corecstrs.readable,ostrich,Success,sat,2843.12,0,0,30448,8723721467,10323210070,2041513990,61082944,39356490015,7204336310,21431395155,9187056546,8550344932,0.994010682,2.583608000,0.293169000
125,out/benchmarks/non-incremental/QF_SNIA/20180523-Reynolds/kaluza/sat/small/1911.corecstrs.readable,z3,Success,unsupported,7.62,0,0,1886,12354240,16481777,3452963,70655,61771160,15619615,8225540,20082892,18193013,0.008420323,0.003456000,0.004608000
126,out/benchmarks/non-incremental/QF_SNIA/20180523-Reynolds/kaluza/sat/small/1595.corecstrs.readable,ostrich,Success,sat,2625.48,0,0,31275,8082569665,10244643370,2005468348,61057363,37618906305,6903790203,22310422846,8707119605,6801192034,0.998369008,2.401956000,0.256241000
127,out/benchmarks/non-incremental/QF_SNIA/20180523-Reynolds/kaluza/sat/small/1588.corecstrs.readable,z3alpha,Success,sat,48.78,0,0,6020,131068821,227189011,49730044,945548,649425965,204657686,137761356,204855744,113803013,0.055553820,0.031100000,0.017975000
128,out/benchmarks/non-incremental/QF_SNIA/20180523-Reynolds/kaluza/sat/small/1886.corecstrs.readable,z3,Success,unsupported,7.48,0,0,1376,12598417,16481661,3452338,71148,62992085,15366049,8358310,19802198,19826034,0.008565119,0.004471000,0.003579000
129,out/benchmarks/non-incremental/QF_SNIA/20180523-Reynolds/kaluza/sat/small/1907.corecstrs.readable,z3alpha,Success,sat,46.90,0,0,6018,126709837,228119851,49868492,950030,633549165,206786068,136122317,195857439,105753143,0.055257278,0.034495000,0.012780000
130,out/benchmarks/non-incremental/QF_SNIA/20180523-Reynolds/kaluza/sat/small/1594.corecstrs.readable,z3noodler,Success,sat,14.73,0,0,2727,35305710,71081527,15034901,139785,176528510,71858194,15915911,58234392,31812779,0.015369277,0.009092000,0.006070000
131,out/benchmarks/non-incremental/QF_SNIA/20180523-Reynolds/kaluza/sat/small/1568.corecstrs.readable,z3,Success,unsupported,8.00,0,0,1886,13211072,16829346,3528838,72583,66055320,15936132,8534727,22246587,19666140,0.008835924,0.006068000,0.002429000
132,out/benchmarks/non-incremental/QF_SNIA/20180523-Reynolds/kaluza/sat/small/1557.corecstrs.readable,z3noodler,Success,sat,15.03,0,0,2729,35525471,71152552,15045001,139689,177627335,72303740,16015868,59283437,31321303,0.015690528,0.009113000,0.006386000
133,out/benchmarks/non-incremental/QF_SNIA/20180523-Reynolds/kaluza/sat/small/2008.corecstrs.readable,ostrich,Success,sat,2659.52,0,0,29974,8082245150,10058085727,1975686065,59972156,37319518375,6863564820,21869829538,8626800944,7023290142,0.989497806,2.387709000,0.303994000
134,out/benchmarks/non-incremental/QF_SNIA/20180523-Reynolds/kaluza/sat/small/1550.corecstrs.readable,ostrich,Success,sat,2806.63,0,0,30481,8636979528,10281600132,2031873450,60781089,38830087890,7115767816,21318466568,9096053055,8227344130,0.991039092,2.610417000,0.224370000
135,out/benchmarks/non-incremental/QF_SNIA/20180523-Reynolds/kaluza/sat/small/1628.corecstrs.readable,ostrich,Success,sat,2798.55,0,0,30729,8607163587,10170197035,2012840599,60725145,38615297770,7174439277,21670166278,9112168246,8232465931,0.997860196,2.523285000,0.307738000
136,out/benchmarks/non-incremental/QF_SNIA/20180523-Reynolds/kaluza/sat/small/1551.corecstrs.readable,ostrich,Success,sat,2815.82,0,0,30338,8565678623,10340891392,2037320765,61856385,38768021345,7032668441,22955090950,8847158602,7717608475,0.987423549,2.495711000,0.356361000
137,out/benchmarks/non-incremental/QF_SNIA/20180523-Reynolds/kaluza/sat/small/1909.corecstrs.readable,z3,Success,unsupported,7.78,0,0,1883,12265610,16479725,3452217,69958,61328050,15743111,7924166,19928918,18071961,0.008582012,0.003307000,0.004963000
138,out/benchmarks/non-incremental/QF_SNIA/20180523-Reynolds/kaluza/sat/small/1557.corecstrs.readable,z3alpha,Success,sat,50.86,0,0,6024,127651861,228587768,49990525,957500,638259265,207157657,145080035,198136175,105185247,0.087499254,0.042579000,0.008791000
139,out/benchmarks/non-incremental/QF_SNIA/20180523-Reynolds/kaluza/sat/small/1556.corecstrs.readable,ostrich,Success,sat,2864.47,0,0,30355,8832727188,10367642093,2051603312,61674927,39727064045,7403027095,21668462035,9206032965,8718156744,1.007206852,2.579294000,0.321294000
140,out/benchmarks/non-incremental/QF_SNIA/20180523-Reynolds/kaluza/sat/small/1566.corecstrs.readable,z3,Success,unsupported,7.90,0,0,1887,13201098,16828342,3528559,72589,65901185,15905478,8773770,21933611,19679506,0.008673880,0.002757000,0.005518000
141,out/benchmarks/non-incremental/QF_SNIA/20180523-Reynolds/kaluza/sat/small/2010.corecstrs.readable,ostrich,Success,sat,2604.37,0,0,30082,7932272551,10034798247,1968508117,60123815,36344929270,7004576077,21043885019,9059143345,6421753938,0.980437220,2.388995000,0.251018000
142,out/benchmarks/non-incremental/QF_SNIA/20180523-Reynolds/kaluza/sat/small/1556.corecstrs.readable,cvc5,Success,sat,3.51,0,0,578,7673455,9972829,1997500,56660,38367275,9808302,5115636,20190036,3338527,0.004393131,0.002144000,0.001798000
143,out/benchmarks/non-incremental/QF_SNIA/20180523-Reynolds/kaluza/sat/small/1556.corecstrs.readable,z3,Success,unsupported,7.51,0,0,1891,12422627,16905161,3545391,73336,62113135,16126922,8486259,20261854,17585154,0.008312568,0.005620000,0.002247000
144,out/benchmarks/non-incremental/QF_SNIA/20180523-Reynolds/kaluza/sat/small/1595.corecstrs.readable,z3alpha,Success,sat,48.09,0,0,6026,128789284,227241612,49748922,942087,643905660,204819990,141992629,199451653,111414514,0.055118892,0.034590000,0.013806000
145,out/benchmarks/non-incremental/QF_SNIA/20180523-Reynolds/kaluza/sat/small/1598.corecstrs.readable,z3noodler,Success,sat,15.41,0,0,2729,35958066,70989940,15009226,139497,179742125,71747499,16203817,60002788,33090783,0.016142245,0.008959000,0.006967000
146,out/benchmarks/non-incremental/QF_SNIA/20180523-Reynolds/kaluza/sat/small/1636.corecstrs.readable,z3noodler,Success,sat,15.61,0,0,2730,36346239,70998075,15013976,141967,181325660,71686023,17058712,59801680,34101672,0.016313629,0.010016000,0.005994000
147,out/benchmarks/non-incremental/QF_SNIA/20180523-Reynolds/kaluza/sat/small/1575.corecstrs.readable,z3noodler,Success,sat,15.50,0,0,2727,36562590,71161953,15049967,142885,182812930,72259243,15764738,61016118,35095402,0.016174762,0.009952000,0.005980000
148,out/benchmarks/non-incremental/QF_SNIA/20180523-Reynolds/kaluza/sat/small/1598.corecstrs.readable,z3,Success,unsupported,7.74,0,0,1892,12510308,16649662,3491231,71235,62551540,15825021,8325424,20104868,18671241,0.008533475,0.001023000,0.007164000
149,out/benchmarks/non-incremental/QF_SNIA/20180523-Reynolds/kaluza/sat/small/1576.corecstrs.readable,z3,Success,unsupported,7.42,0,0,1889,12191830,16829356,3528960,72408,60959150,16124394,8352885,19830779,17000309,0.008321161,0.004524000,0.003391000
150,out/benchmarks/non-incremental/QF_SNIA/20180523-Reynolds/kaluza/sat/small/1636.corecstrs.readable,z3,Success,unsupported,8.53,0,0,1888,13336391,16570182,3473180,72140,66681935,15517710,8877377,22143723,20373902,0.009437508,0.003926000,0.004902000
151,out/benchmarks/non-incremental/QF_SNIA/20180523-Reynolds/kaluza/sat/small/1909.corecstrs.readable,cvc5,Success,sat,3.34,0,0,572,7448151,9329241,1877092,56586,37240755,9082612,5111476,19743690,3386967,0.004150375,0.002069000,0.001587000
152,out/benchmarks/non-incremental/QF_SNIA/20180523-Reynolds/kaluza/sat/small/1553.corecstrs.readable,z3noodler,Success,sat,15.38,0,0,2730,36415291,71237905,15068715,142723,182035000,71960975,16412675,62187003,32802332,0.016090240,0.011081000,0.004607000
153,out/benchmarks/non-incremental/QF_SNIA/20180523-Reynolds/kaluza/sat/small/1908.corecstrs.readable,cvc5,Success,sat,3.33,0,0,571,7399164,9329282,1877103,56000,36995820,9168329,5077857,19614208,3219982,0.004203092,0.003650000,0.000000000
154,out/benchmarks/non-incremental/QF_SNIA/20180523-Reynolds/kaluza/sat/small/1909.corecstrs.readable,z3noodler,Success,sat,15.25,0,0,2726,36243742,70843985,14974657,140860,180975315,71550254,17027369,61105521,32613460,0.015976673,0.011484000,0.004172000
155,out/benchmarks/non-incremental/QF_SNIA/20180523-Reynolds/kaluza/sat/small/1566.corecstrs.readable,ostrich,Success,sat,2855.54,0,0,29924,8733207528,10321253521,2044203713,60993700,39471221215,7268147126,22097862869,9024560591,8532744889,0.990600809,2.560881000,0.330210000
156,out/benchmarks/non-incremental/QF_SNIA/20180523-Reynolds/kaluza/sat/small/1590.corecstrs.readable,ostrich,Success,sat,2677.41,0,0,30563,7965574401,10117249306,1980990613,60391723,37127954290,6847787793,21551760808,8645342076,6863877874,0.994511758,2.425901000,0.288322000
157,out/benchmarks/non-incremental/QF_SNIA/20180523-Reynolds/kaluza/sat/small/1595.corecstrs.readable,cvc5,Success,sat,3.86,0,0,574,8224417,9627345,1932272,56205,41122085,9384661,5160418,23092023,3579190,0.004727062,0.004191000,0.000000000
158,out/benchmarks/non-incremental/QF_SNIA/20180523-Reynolds/kaluza/sat/small/1555.corecstrs.readable,z3alpha,Success,sat,46.17,0,0,6021,125892177,228655517,50001804,953736,629400050,206265252,138415011,197224717,99058093,0.053500203,0.031957000,0.014558000
159,out/benchmarks/non-incremental/QF_SNIA/20180523-Reynolds/kaluza/sat/small/2010.corecstrs.readable,cvc5,Success,sat,3.24,0,0,556,6710408,8040055,1640142,50507,33518165,7783804,4731976,17773531,3314715,0.004538067,0.001844000,0.001848000
160,out/benchmarks/non-incremental/QF_SNIA/20180523-Reynolds/kaluza/sat/small/1554.corecstrs.readable,z3,Success,unsupported,7.68,0,0,1891,12450121,16906230,3545849,73441,62250605,16148807,8259039,20537061,17645881,0.008761812,0.002040000,0.006121000
161,out/benchmarks/non-incremental/QF_SNIA/20180523-Reynolds/kaluza/sat/small/1590.corecstrs.readable,z3,Success,unsupported,7.87,0,0,1888,13045428,16647898,3490450,70646,65162320,15725860,8423736,22192644,19204410,0.008682924,0.002745000,0.005488000
162,out/benchmarks/non-incremental/QF_SNIA/20180523-Reynolds/kaluza/sat/small/1598.corecstrs.readable,cvc5,Success,sat,3.36,0,0,574,7504205,9627453,1932298,55861,37521025,9445074,5149944,19744963,3265140,0.004133134,0.001864000,0.001861000
163,out/benchmarks/non-incremental/QF_SNIA/20180523-Reynolds/kaluza/sat/small/1908.corecstrs.readable,ostrich,Success,sat,2727.67,0,0,30256,8123567748,10087122048,1985507123,60088947,37673480890,6980044303,21531054286,8881728879,7601461709,0.987990478,2.448450000,0.314961000
164,out/benchmarks/non-incremental/QF_SNIA/20180523-Reynolds/kaluza/sat/small/1589.corecstrs.readable,z3noodler,Success,sat,15.11,0,0,2730,35515884,71075444,15031645,140481,177133715,72036367,16652256,58471683,31260239,0.015761928,0.010629000,0.004831000
165,out/benchmarks/non-incremental/QF_SNIA/20180523-Reynolds/kaluza/sat/small/1553.corecstrs.readable,z3,Success,unsupported,8.01,0,0,1890,13208955,16904349,3545153,72888,66044755,15959537,8539067,22193781,19717622,0.008825368,0.004200000,0.004198000
166,out/benchmarks/non-incremental/QF_SNIA/20180523-Reynolds/kaluza/sat/small/1628.corecstrs.readable,z3alpha,Success,sat,46.67,0,0,6023,125429215,228473876,49974320,953596,627079280,205864372,140052296,198898889,94812626,0.055357893,0.032838000,0.014577000
167,out/benchmarks/non-incremental/QF_SNIA/20180523-Reynolds/kaluza/sat/small/1637.corecstrs.readable,z3noodler,Success,sat,15.32,0,0,2727,36106688,70907572,14988416,140005,180483290,71993686,16261441,60993656,32546561,0.016031165,0.008866000,0.006899000
168,out/benchmarks/non-incremental/QF_SNIA/20180523-Reynolds/kaluza/sat/small/1554.corecstrs.readable,ostrich,Success,sat,2359.89,0,0,28634,7200790624,9635992149,1880429073,59475849,35012437475,6269310766,21714174390,8227943612,5456960439,0.989875260,2.116443000,0.274445000
169,out/benchmarks/non-incremental/QF_SNIA/20180523-Reynolds/kaluza/sat/small/1633.corecstrs.readable,z3,Success,unsupported,7.93,0,0,1889,13089326,16568470,3472501,71246,65436860,15795398,8200438,22286983,19547716,0.008794430,0.005557000,0.002778000
170,out/benchmarks/non-incremental/QF_SNIA/20180523-Reynolds/kaluza/sat/small/2010.corecstrs.readable,z3,Success,unsupported,7.02,0,0,1855,10744031,13600403,2878351,60277,53720135,12943032,7150791,17050662,16872593,0.007848852,0.002488000,0.004985000
171,out/benchmarks/non-incremental/QF_SNIA/20180523-Reynolds/kaluza/sat/small/1911.corecstrs.readable,z3alpha,Success,sat,48.89,0,0,5507,132485729,228306043,49915433,971154,633994260,206626346,143169209,198780536,102235561,0.056211991,0.034760000,0.014535000
172,out/benchmarks/non-incremental/QF_SNIA/20180523-Reynolds/kaluza/sat/small/1885.corecstrs.readable,cvc5,Success,sat,3.41,0,0,572,7436364,9330615,1877268,56270,37181820,9068895,5103387,19713102,3382264,0.004336565,0.002874000,0.000959000
173,out/benchmarks/non-incremental/QF_SNIA/20180523-Reynolds/kaluza/sat/small/1634.corecstrs.readable,cvc5,Success,sat,3.73,0,0,573,8116953,9473567,1903717,55785,40584765,9262462,5092990,22631561,3692004,0.004566287,0.004140000,0.000000000
174,out/benchmarks/non-incremental/QF_SNIA/20180523-Reynolds/kaluza/sat/small/1596.corecstrs.readable,z3noodler,Success,sat,14.94,0,0,2728,35591441,71081433,15034873,141415,177957165,72434059,15344872,59397017,32080456,0.015552074,0.010202000,0.005106000
175,out/benchmarks/non-incremental/QF_SNIA/20180523-Reynolds/kaluza/sat/small/1997.corecstrs.readable,z3noodler,Success,sat,15.44,0,0,2729,36622299,71386158,15081563,161351,183072695,72372759,17939946,60388343,33706730,0.016054001,0.012660000,0.003168000
176,out/benchmarks/non-incremental/QF_SNIA/20180523-Reynolds/kaluza/sat/small/1551.corecstrs.readable,z3noodler,Success,sat,14.75,0,0,2731,35534755,71231959,15065649,142250,177574780,72273279,16705341,59274118,30615568,0.016059932,0.007605000,0.007622000
177,out/benchmarks/non-incremental/QF_SNIA/20180523-Reynolds/kaluza/sat/small/1552.corecstrs.readable,cvc5,Success,sat,3.67,0,0,578,7761772,9971822,1997401,56650,38808860,9768514,5174514,20421927,3528659,0.004451873,0.000915000,0.002974000
178,out/benchmarks/non-incremental/QF_SNIA/20180523-Reynolds/kaluza/sat/small/1596.corecstrs.readable,cvc5,Success,sat,3.82,0,0,574,8196446,9626185,1932144,55998,40900715,9334281,5293033,22807458,3560063,0.004726882,0.002555000,0.001706000
179,out/benchmarks/non-incremental/QF_SNIA/20180523-Reynolds/kaluza/sat/small/1627.corecstrs.readable,z3noodler,Success,sat,15.41,0,0,2730,36668586,71005101,15017360,140772,182339155,72081417,16439259,60854562,34294091,0.016096935,0.009929000,0.005957000
180,out/benchmarks/non-incremental/QF_SNIA/20180523-Reynolds/kaluza/sat/small/1568.corecstrs.readable,z3noodler,Success,sat,15.63,0,0,2729,36895177,71162372,15050335,140978,184361250,72081487,16607798,62307472,34682007,0.016340666,0.009041000,0.007042000
181,out/benchmarks/non-incremental/QF_SNIA/20180523-Reynolds/kaluza/sat/small/1567.corecstrs.readable,cvc5,Success,sat,3.50,0,0,574,7624930,9800301,1964839,56689,38061730,9581115,5224159,20029432,3312124,0.004390816,0.001570000,0.002358000
182,out/benchmarks/non-incremental/QF_SNIA/20180523-Reynolds/kaluza/sat/small/1907.corecstrs.readable,cvc5,Success,sat,3.39,0,0,571,7421215,9330473,1877236,56150,37106075,9049973,5238504,19672496,3229412,0.004233572,0.002836000,0.000945000
183,out/benchmarks/non-incremental/QF_SNIA/20180523-Reynolds/kaluza/sat/small/1633.corecstrs.readable,cvc5,Success,sat,3.33,0,0,572,7446920,9473604,1903733,56003,37234580,9227096,5256646,19594370,3240360,0.004122093,0.002436000,0.001216000
184,out/benchmarks/non-incremental/QF_SNIA/20180523-Reynolds/kaluza/sat/small/1596.corecstrs.readable,ostrich,Success,sat,2403.85,0,0,29527,7047909423,9485278293,1855936684,59125377,33724499075,6319589405,21487671035,8313757476,4909104265,0.971578221,2.170098000,0.274450000
185,out/benchmarks/non-incremental/QF_SNIA/20180523-Reynolds/kaluza/sat/small/1628.corecstrs.readable,cvc5,Success,sat,3.90,0,0,573,8200605,9473739,1903753,57086,40943015,9183671,5298507,22991903,3564041,0.004810823,0.002193000,0.002195000
186,out/benchmarks/non-incremental/QF_SNIA/20180523-Reynolds/kaluza/sat/small/1907.corecstrs.readable,ostrich,Success,sat,2908.96,0,0,29683,9025381694,10202005182,2033632884,60050247,39924115870,7312458933,21047009034,9352957194,9447146637,0.991996310,2.626933000,0.313382000
187,out/benchmarks/non-incremental/QF_SNIA/20180523-Reynolds/kaluza/sat/small/1637.corecstrs.readable,z3alpha,Success,sat,48.40,0,0,5511,130455293,228512554,49976210,962240,652117645,207901053,143480101,199384043,117149563,0.056280051,0.034265000,0.014622000
188,out/benchmarks/non-incremental/QF_SNIA/20180523-Reynolds/kaluza/sat/small/1634.corecstrs.readable,z3,Success,unsupported,7.55,0,0,1888,12265745,16570088,3473165,70716,61328725,15753264,8406761,19703178,17822543,0.008348475,0.004586000,0.003451000
189,out/benchmarks/non-incremental/QF_SNIA/20180523-Reynolds/kaluza/sat/small/1626.corecstrs.readable,ostrich,Success,sat,2627.56,0,0,29187,7852723361,9639037075,1903942906,59232135,36674736630,6493572056,22013488411,8582025993,7065894754,0.988127107,2.337845000,0.324919000
190,out/benchmarks/non-incremental/QF_SNIA/20180523-Reynolds/kaluza/sat/small/1557.corecstrs.readable,z3,Success,unsupported,7.94,0,0,1890,13123309,16905313,3545516,73163,65616525,16093560,8477662,22082443,19341862,0.009166775,0.004148000,0.004157000
191,out/benchmarks/non-incremental/QF_SNIA/20180523-Reynolds/kaluza/sat/small/1573.corecstrs.readable,z3alpha,Success,sat,47.36,0,0,6022,125429414,228592658,50003247,952046,627044760,207396354,137160152,198775121,96579818,0.055122117,0.034494000,0.013324000
192,out/benchmarks/non-incremental/QF_SNIA/20180523-Reynolds/kaluza/sat/small/1553.corecstrs.readable,z3alpha,Success,sat,47.50,0,0,6022,127082831,228579087,49979136,952986,635414135,206432710,140559053,196220308,104478935,0.064208795,0.035293000,0.012625000
193,out/benchmarks/non-incremental/QF_SNIA/20180523-Reynolds/kaluza/sat/small/1555.corecstrs.readable,z3,Success,unsupported,7.84,0,0,1889,12760594,16905002,3545417,73768,63802970,16128747,8743991,20488424,18796769,0.008731595,0.006001000,0.002400000
194,out/benchmarks/non-incremental/QF_SNIA/20180523-Reynolds/kaluza/sat/small/1634.corecstrs.readable,z3alpha,Success,sat,47.56,0,0,6019,128664467,228358394,49940766,956825,643278325,206297449,156463146,194971282,107835212,0.058329578,0.036170000,0.011802000
195,out/benchmarks/non-incremental/QF_SNIA/20180523-Reynolds/kaluza/sat/small/1589.corecstrs.readable,z3,Success,unsupported,8.09,0,0,1891,13189294,16647619,3490379,71288,65946470,15913929,8265595,22197444,19953494,0.008938882,0.006130000,0.002450000
196,out/benchmarks/non-incremental/QF_SNIA/20180523-Reynolds/kaluza/sat/small/1552.corecstrs.readable,ostrich,Success,sat,2445.79,0,0,30083,7398772845,10102196736,1964865827,60829295,35925367420,6804933578,21945344475,8379273438,5721111834,0.973003212,2.203395000,0.277139000
197,out/benchmarks/non-incremental/QF_SNIA/20180523-Reynolds/kaluza/sat/small/1886.corecstrs.readable,z3alpha,Success,sat,48.41,0,0,6023,130197895,227059934,49697379,949109,641404175,205088547,139789171,199779873,109711756,0.056059358,0.036286000,0.012674000
198,out/benchmarks/non-incremental/QF_SNIA/20180523-Reynolds/kaluza/sat/small/1568.corecstrs.readable,cvc5,Success,sat,3.88,0,0,574,8205654,9801501,1964977,56146,41028250,9524012,5148643,22878305,3570894,0.004791529,0.003245000,0.001080000
199,out/benchmarks/non-incremental/QF_SNIA/20180523-Reynolds/kaluza/sat/small/1589.corecstrs.readable,ostrich,Success,sat,2515.01,0,0,30207,7545084820,10015192671,1950199624,60177193,36043118435,6791901486,21818222183,8491767821,5947546003,0.996107829,2.226051000,0.323248000
200,out/benchmarks/non-incremental/QF_SNIA/20180523-Reynolds/kaluza/sat/small/1908.corecstrs.readable,z3noodler,Success,sat,15.16,0,0,2218,36468356,70922965,14996284,140465,182341780,72081576,15727679,60855198,35002010,0.016381658,0.009711000,0.005827000
201,out/benchmarks/non-incremental/QF_SNIA/20180523-Reynolds/kaluza/sat/small/1572.corecstrs.readable,cvc5,Success,sat,3.59,0,0,573,7620240,9800243,1964829,57332,38101200,9591011,5080160,20050164,3464935,0.004474795,0.002169000,0.001885000
202,out/benchmarks/non-incremental/QF_SNIA/20180523-Reynolds/kaluza/sat/small/1997.corecstrs.readable,z3,Success,unsupported,7.55,0,0,1850,10849922,13598994,2877840,59682,54249590,12802760,7409280,17073781,17266113,0.008376782,0.002002000,0.006018000
203,out/benchmarks/non-incremental/QF_SNIA/20180523-Reynolds/kaluza/sat/small/1551.corecstrs.readable,z3alpha,Success,sat,47.08,0,0,6021,127473383,228755680,50014719,961037,637366915,206034633,143642421,194675875,106215419,0.055234453,0.035571000,0.011861000
204,out/benchmarks/non-incremental/QF_SNIA/20180523-Reynolds/kaluza/sat/small/2009.corecstrs.readable,cvc5,Success,sat,3.18,0,0,556,6643946,8040055,1640143,50885,33219730,7844834,4689844,17615343,3154990,0.004012738,0.003535000,0.000000000
205,out/benchmarks/non-incremental/QF_SNIA/20180523-Reynolds/kaluza/sat/small/2007.corecstrs.readable,z3,Success,unsupported,7.47,0,0,1854,11432260,13599277,2877999,61405,57125870,13002867,7134551,19016590,18191914,0.009201473,0.002970000,0.004941000
206,out/benchmarks/non-incremental/QF_SNIA/20180523-Reynolds/kaluza/sat/small/1884.corecstrs.readable,z3noodler,Success,sat,15.69,0,0,2725,36424407,70869231,14982648,140402,182121995,71984577,16419814,61500975,33526655,0.016316787,0.011350000,0.004737000
207,out/benchmarks/non-incremental/QF_SNIA/20180523-Reynolds/kaluza/sat/small/1576.corecstrs.readable,z3noodler,Success,sat,15.19,0,0,2727,35900701,71070243,15026381,141445,179503445,72367354,16183124,59214209,33057554,0.015913161,0.007792000,0.007802000
208,out/benchmarks/non-incremental/QF_SNIA/20180523-Reynolds/kaluza/sat/small/1550.corecstrs.readable,z3,Success,unsupported,8.39,0,0,1890,13247779,16904346,3545109,72439,66037515,16193451,8275543,22232800,19728884,0.009238995,0.002630000,0.006131000
209,out/benchmarks/non-incremental/QF_SNIA/20180523-Reynolds/kaluza/sat/small/1572.corecstrs.readable,z3alpha,Success,sat,48.30,0,0,5512,130634655,228518870,49967700,967659,651082420,205784741,143896272,201689661,111923643,0.065284255,0.031522000,0.017230000
210,out/benchmarks/non-incremental/QF_SNIA/20180523-Reynolds/kaluza/sat/small/1575.corecstrs.readable,z3,Success,unsupported,7.62,0,0,1889,12489617,16827943,3528377,72977,62448065,15956791,8287870,20575846,17947699,0.008561331,0.003587000,0.004486000
211,out/benchmarks/non-incremental/QF_SNIA/20180523-Reynolds/kaluza/sat/small/1911.corecstrs.readable,ostrich,Success,sat,2655.06,0,0,30243,8031743187,10082321310,1978147411,60157671,36832922995,7055570089,20872152226,8902976057,6737331187,0.992861924,2.409046000,0.279652000
212,out/benchmarks/non-incremental/QF_SNIA/20180523-Reynolds/kaluza/sat/small/1573.corecstrs.readable,z3noodler,Success,sat,15.70,0,0,2728,36789860,71160758,15049910,141288,183949280,71993628,16584160,62116356,34583138,0.016322853,0.007530000,0.008622000
213,out/benchmarks/non-incremental/QF_SNIA/20180523-Reynolds/kaluza/sat/small/1567.corecstrs.readable,ostrich,Success,sat,2560.57,0,0,30406,7723764579,10208726785,1985310126,61486240,35923021720,7120686655,21411956258,8705950629,5707234498,0.976694934,2.311548000,0.285895000
214,out/benchmarks/non-incremental/QF_SNIA/20180523-Reynolds/kaluza/sat/small/1627.corecstrs.readable,ostrich,Success,sat,2904.02,0,0,30352,9081783491,10046876267,2000875145,60094304,38779597580,7224809972,20316206065,9450168830,9094695356,0.981336524,2.660926000,0.271813000
215,out/benchmarks/non-incremental/QF_SNIA/20180523-Reynolds/kaluza/sat/small/1597.corecstrs.readable,z3noodler,Success,sat,14.74,0,0,2728,35326264,71074559,15031371,140939,176631260,71903291,16616285,58264309,31144980,0.015432070,0.009422000,0.005661000
216,out/benchmarks/non-incremental/QF_SNIA/20180523-Reynolds/kaluza/sat/small/1636.corecstrs.readable,z3alpha,Success,sat,46.66,0,0,6020,126613565,228339055,49916808,958369,633022750,205499376,143126577,194362275,103212897,0.054057097,0.034053000,0.012796000
217,out/benchmarks/non-incremental/QF_SNIA/20180523-Reynolds/kaluza/sat/small/1574.corecstrs.readable,z3noodler,Success,sat,15.02,0,0,2727,35695289,71160003,15049582,141248,178476425,71956447,16094344,59557068,32169044,0.015653945,0.010249000,0.005123000
218,out/benchmarks/non-incremental/QF_SNIA/20180523-Reynolds/kaluza/sat/small/1911.corecstrs.readable,cvc5,Success,sat,3.78,0,0,571,8031124,9329308,1877109,55922,40155600,9164676,5196607,22392402,3495650,0.004659029,0.004189000,0.000000000
219,out/benchmarks/non-incremental/QF_SNIA/20180523-Reynolds/kaluza/sat/small/1555.corecstrs.readable,cvc5,Success,sat,3.47,0,0,578,7646238,9971644,1997366,56365,38231190,9773190,5247418,19968174,3326363,0.004261259,0.000952000,0.002861000
220,out/benchmarks/non-incremental/QF_SNIA/20180523-Reynolds/kaluza/sat/small/1596.corecstrs.readable,z3,Success,unsupported,7.52,0,0,1889,12327639,16647416,3490413,71355,61638195,15830872,8446939,19803290,17917267,0.008434861,0.002005000,0.006015000
221,out/benchmarks/non-incremental/QF_SNIA/20180523-Reynolds/kaluza/sat/small/2007.corecstrs.readable,cvc5,Success,sat,3.00,0,0,556,6470435,8040022,1640133,49991,32352175,7893536,4440494,17155138,2945556,0.003981742,0.001760000,0.001660000
222,out/benchmarks/non-incremental/QF_SNIA/20180523-Reynolds/kaluza/sat/small/1635.corecstrs.readable,z3,Success,unsupported,7.65,0,0,1887,12244005,16568617,3472628,70932,61220005,15717950,8389034,19913716,17548200,0.008621423,0.004105000,0.004102000
223,out/benchmarks/non-incremental/QF_SNIA/20180523-Reynolds/kaluza/sat/small/1589.corecstrs.readable,cvc5,Success,sat,3.22,0,0,573,7468765,9626357,1932180,55911,37343825,9400407,5125623,19651652,3249660,0.004121894,0.001847000,0.001851000
224,out/benchmarks/non-incremental/QF_SNIA/20180523-Reynolds/kaluza/sat/small/1594.corecstrs.readable,cvc5,Success,sat,3.56,0,0,574,7589082,9626260,1932154,54976,37844710,9378184,5194371,20063749,3293348,0.004764201,0.003147000,0.000786000
225,out/benchmarks/non-incremental/QF_SNIA/20180523-Reynolds/kaluza/sat/small/1594.corecstrs.readable,z3,Success,unsupported,8.06,0,0,1888,13094397,16646747,3490109,71023,65471985,15804397,8208511,21740351,20054503,0.008795369,0.003716000,0.004630000
226,out/benchmarks/non-incremental/QF_SNIA/20180523-Reynolds/kaluza/sat/small/1576.corecstrs.readable,cvc5,Success,sat,3.48,0,0,573,7615881,9800273,1964828,56527,37995230,9564310,5215031,19994374,3306272,0.004252978,0.001893000,0.001873000
227,out/benchmarks/non-incremental/QF_SNIA/20180523-Reynolds/kaluza/sat/small/1627.corecstrs.readable,cvc5,Success,sat,3.52,0,0,572,7573889,9473700,1903751,57209,37839480,9228772,5193654,20209641,3293166,0.004470329,0.000799000,0.003202000
228,out/benchmarks/non-incremental/QF_SNIA/20180523-Reynolds/kaluza/sat/small/1576.corecstrs.readable,z3alpha,Success,sat,50.01,0,0,6026,132475771,228580305,49989133,959356,641170790,207477611,139284654,200445102,106852864,0.058571908,0.033859000,0.016514000
229,out/benchmarks/non-incremental/QF_SNIA/20180523-Reynolds/kaluza/sat/small/1575.corecstrs.readable,ostrich,Success,sat,2730.45,0,0,30502,8436597418,10291585337,2020213815,61316918,37853255680,7117645002,21832460637,9048307605,7140152102,0.998700418,2.514449000,0.246215000
230,out/benchmarks/non-incremental/QF_SNIA/20180523-Reynolds/kaluza/sat/small/1566.corecstrs.readable,z3noodler,Success,sat,15.54,0,0,2727,36340799,71063502,15022995,140562,181427250,72417189,16356621,61264565,32699368,0.016219805,0.009643000,0.006437000
231,out/benchmarks/non-incremental/QF_SNIA/20180523-Reynolds/kaluza/sat/small/1626.corecstrs.readable,cvc5,Success,sat,3.21,0,0,573,7461992,9474900,1903889,55849,37309940,9246395,5267285,19634653,3247542,0.004403095,0.000905000,0.002712000
232,out/benchmarks/non-incremental/QF_SNIA/20180523-Reynolds/kaluza/sat/small/1633.corecstrs.readable,z3noodler,Success,sat,15.10,0,0,2728,35516664,71001919,15016359,141101,177583320,72286076,16010919,58580424,32005852,0.015854275,0.008781000,0.006831000
233,out/benchmarks/non-incremental/QF_SNIA/20180523-Reynolds/kaluza/sat/small/2010.corecstrs.readable,z3noodler,Success,sat,15.60,0,0,2727,36645132,71389362,15082632,144493,183225640,72434585,17238076,61868815,33019666,0.016233959,0.007501000,0.008437000
234,out/benchmarks/non-incremental/QF_SNIA/20180523-Reynolds/kaluza/sat/small/1552.corecstrs.readable,z3noodler,Success,sat,14.97,0,0,2733,35630026,71234930,15066610,141190,178150130,72446341,15352013,59509355,31464275,0.015615768,0.011229000,0.004079000
235,out/benchmarks/non-incremental/QF_SNIA/20180523-Reynolds/kaluza/sat/small/1597.corecstrs.readable,cvc5,Success,sat,3.40,0,0,574,7514365,9627370,1932278,55749,37571805,9457966,5156914,19771796,3269670,0.004167546,0.003786000,0.000000000
236,out/benchmarks/non-incremental/QF_SNIA/20180523-Reynolds/kaluza/sat/small/1594.corecstrs.readable,ostrich,Success,sat,2741.28,0,0,30068,8373603039,10343308678,2032753032,61184080,38542722215,7167167516,21753129194,9044816969,7693394343,0.994087534,2.463217000,0.308838000
237,out/benchmarks/non-incremental/QF_SNIA/20180523-Reynolds/kaluza/sat/small/1574.corecstrs.readable,z3alpha,Success,sat,47.42,0,0,6029,125389207,228489042,49957243,953568,626864210,205155594,140656006,198700824,95407329,0.055315542,0.036551000,0.011743000
238,out/benchmarks/non-incremental/QF_SNIA/20180523-Reynolds/kaluza/sat/small/1910.corecstrs.readable,z3,Success,unsupported,7.87,0,0,1887,12438636,16480646,3452482,71603,62193140,15729806,8036352,19989466,18806957,0.008673165,0.003520000,0.004691000
239,out/benchmarks/non-incremental/QF_SNIA/20180523-Reynolds/kaluza/sat/small/2010.corecstrs.readable,z3alpha,Success,sat,46.60,0,0,5479,125814762,224390879,49196376,939243,629026645,201123804,142168838,188510445,111137207,0.054038222,0.035046000,0.011716000
240,out/benchmarks/non-incremental/QF_SNIA/20180523-Reynolds/kaluza/sat/small/1884.corecstrs.readable,ostrich,Success,sat,2725.53,0,0,30107,8290603317,10288794449,2020797009,61039197,38176915290,7222306726,21507890134,9073831481,7439175213,0.995649037,2.498582000,0.260441000
241,out/benchmarks/non-incremental/QF_SNIA/20180523-Reynolds/kaluza/sat/small/1567.corecstrs.readable,z3noodler,Success,sat,15.06,0,0,2727,35457458,71165845,15052752,141640,177287270,72174479,15985758,58476147,31946239,0.015796358,0.011372000,0.004136000
242,out/benchmarks/non-incremental/QF_SNIA/20180523-Reynolds/kaluza/sat/small/1634.corecstrs.readable,z3noodler,Success,sat,15.14,0,0,2730,36326558,70998629,15014184,139661,181589310,71790089,16372777,52776432,41969288,0.015916103,0.009329000,0.006220000
243,out/benchmarks/non-incremental/QF_SNIA/20180523-Reynolds/kaluza/sat/small/1636.corecstrs.readable,cvc5,Success,sat,3.50,0,0,573,7602269,9473594,1903732,55626,37970015,9260572,5211570,19981517,3602295,0.004623576,0.003853000,0.000000000
244,out/benchmarks/non-incremental/QF_SNIA/20180523-Reynolds/kaluza/sat/small/1590.corecstrs.readable,z3alpha,Success,sat,47.89,0,0,5513,126199390,227094409,49681614,942753,630996950,205218625,141137270,198172102,101273494,0.055837680,0.036217000,0.012318000
245,out/benchmarks/non-incremental/QF_SNIA/20180523-Reynolds/kaluza/sat/big/823.corecstrs.readable,z3noodler,Success,sat,15.66,0,0,2739,37731741,73568353,15568869,152921,188478970,74535665,17734052,62927591,34723332,0.016528332,0.008992000,0.007003000
246,out/benchmarks/non-incremental/QF_SNIA/20180523-Reynolds/kaluza/sat/big/827.corecstrs.readable,ostrich,Success,sat,3206.81,0,0,31535,10174496462,11952571461,2381928853,67461863,45343368965,8512395402,25840917502,9982421416,10707905793,1.021238198,2.974131000,0.260379000
247,out/benchmarks/non-incremental/QF_SNIA/20180523-Reynolds/kaluza/sat/big/821.corecstrs.readable,z3noodler,Success,sat,15.90,0,0,2739,37961737,73565781,15568186,153202,188599310,74492954,17733554,64467038,33264034,0.016629726,0.010211000,0.006129000
248,out/benchmarks/non-incremental/QF_SNIA/20180523-Reynolds/kaluza/sat/big/826.corecstrs.readable,cvc5,Success,sat,4.17,0,0,612,9443199,13948001,2740252,60377,47215995,13516735,5925144,23515417,4258697,0.005762316,0.002748000,0.001832000
249,out/benchmarks/non-incremental/QF_SNIA/20180523-Reynolds/kaluza/sat/big/839.corecstrs.readable,ostrich,Success,sat,3428.63,0,0,32096,10486775193,11887850310,2381834299,67051381,46337839935,8474722518,25512538948,10143522710,11621503481,1.036417744,3.150852000,0.311657000
250,out/benchmarks/non-incremental/QF_SNIA/20180523-Reynolds/kaluza/sat/big/824.corecstrs.readable,ostrich,Success,sat,2825.71,0,0,31204,8612419012,11803608627,2304030115,68127990,41206694260,7846832417,25732288399,9216845488,6575871987,1.020391396,2.519592000,0.348011000
251,out/benchmarks/non-incremental/QF_SNIA/20180523-Reynolds/kaluza/sat/big/809.corecstrs.readable,ostrich,Success,sat,3067.60,0,0,32001,9628954296,12125570493,2389004746,69165267,43617319345,8593506892,25429150540,10219442604,8703963127,1.026112107,2.840688000,0.257133000
252,out/benchmarks/non-incremental/QF_SNIA/20180523-Reynolds/kaluza/sat/big/825.corecstrs.readable,ostrich,Success,sat,3060.08,0,0,31794,9425822076,11843980235,2324927235,68941686,41332165050,8251784159,25551156277,9480377144,7478469165,1.085109118,2.804575000,0.291339000
253,out/benchmarks/non-incremental/QF_SNIA/20180523-Reynolds/kaluza/sat/big/811.corecstrs.readable,z3,Success,unsupported,8.69,0,0,1909,15145426,19235867,4064445,84678,74434225,18209741,9886720,26283683,20494723,0.009537222,0.005712000,0.003428000
254,out/benchmarks/non-incremental/QF_SNIA/20180523-Reynolds/kaluza/sat/big/822.corecstrs.readable,z3alpha,Success,sat,47.89,0,0,6067,129311130,232680596,50869307,975595,645306635,210324673,144178476,200667545,102893767,0.054817612,0.033933000,0.014262000
255,out/benchmarks/non-incremental/QF_SNIA/20180523-Reynolds/kaluza/sat/big/824.corecstrs.readable,z3alpha,Success,sat,48.99,0,0,6065,132249143,232457608,50787169,973388,658200845,209862771,146107028,204476484,112892066,0.056392724,0.041393000,0.007939000
256,out/benchmarks/non-incremental/QF_SNIA/20180523-Reynolds/kaluza/sat/big/846.corecstrs.readable,z3alpha,Success,sat,49.59,0,0,6029,132960814,230089272,50323342,957000,664701040,207733988,140942311,202784369,125433175,0.057380721,0.036915000,0.012908000
257,out/benchmarks/non-incremental/QF_SNIA/20180523-Reynolds/kaluza/sat/big/839.corecstrs.readable,z3,Success,unsupported,7.33,0,0,1384,12894980,18389817,3879063,76825,64474880,17310792,8583945,20709616,18241508,0.008108953,0.004834000,0.002902000
258,out/benchmarks/non-incremental/QF_SNIA/20180523-Reynolds/kaluza/sat/big/840.corecstrs.readable,z3,Success,unsupported,7.64,0,0,1895,13243430,18388908,3879042,77416,66130435,17504391,9062442,21267332,18695197,0.008485385,0.004474000,0.003580000
259,out/benchmarks/non-incremental/QF_SNIA/20180523-Reynolds/kaluza/sat/big/820.corecstrs.readable,z3alpha,Success,sat,49.53,0,0,6067,133877585,232537471,50828387,974256,667599450,209738902,147384301,206550358,117356860,0.057998810,0.039086000,0.010656000
260,out/benchmarks/non-incremental/QF_SNIA/20180523-Reynolds/kaluza/sat/big/811.corecstrs.readable,z3noodler,Success,sat,15.88,0,0,2743,37930544,73603309,15576610,152525,189594250,74207804,17837268,63276237,35650149,0.016625932,0.008160000,0.008154000
261,out/benchmarks/non-incremental/QF_SNIA/20180523-Reynolds/kaluza/sat/big/845.corecstrs.readable,cvc5,Success,sat,3.59,0,0,601,8809653,12974195,2558724,58231,44048265,12637859,5527625,22138465,3828206,0.004365729,0.003891000,0.000000000
262,out/benchmarks/non-incremental/QF_SNIA/20180523-Reynolds/kaluza/sat/big/838.corecstrs.readable,z3alpha,Success,sat,47.29,0,0,6028,128048120,230124559,50332531,957071,639816450,207768045,143128159,196362457,106024950,0.055951437,0.034735000,0.012915000
263,out/benchmarks/non-incremental/QF_SNIA/20180523-Reynolds/kaluza/sat/big/838.corecstrs.readable,cvc5,Success,sat,3.86,0,0,601,8868883,12974287,2558740,57817,44344415,12723205,5390889,22287686,4028222,0.004708618,0.002124000,0.002123000
264,out/benchmarks/non-incremental/QF_SNIA/20180523-Reynolds/kaluza/sat/big/825.corecstrs.readable,z3,Success,unsupported,8.63,0,0,1924,14966175,20763715,4389994,93292,74830855,19830079,10551094,26371910,18529427,0.009728979,0.004050000,0.005010000
265,out/benchmarks/non-incremental/QF_SNIA/20180523-Reynolds/kaluza/sat/big/809.corecstrs.readable,z3,Success,unsupported,8.74,0,0,1909,14835119,19235769,4064258,83106,74175595,18202985,9585437,25564144,21276436,0.009615858,0.004551000,0.004554000
266,out/benchmarks/non-incremental/QF_SNIA/20180523-Reynolds/kaluza/sat/big/820.corecstrs.readable,cvc5,Success,sat,4.44,0,0,609,10028273,13948264,2740310,60107,50141345,13599066,5898981,26380193,4357327,0.005241727,0.002861000,0.001984000
267,out/benchmarks/non-incremental/QF_SNIA/20180523-Reynolds/kaluza/sat/big/824.corecstrs.readable,z3,Success,unsupported,11.06,0,0,1922,21126256,20764791,4390206,99929,67372735,19796345,10285159,27069616,10368922,0.012023356,0.004578000,0.006877000
268,out/benchmarks/non-incremental/QF_SNIA/20180523-Reynolds/kaluza/sat/big/808.corecstrs.readable,z3,Success,unsupported,7.59,0,0,1395,13767688,19207287,4057845,82704,68735900,18201137,9147043,24773447,17026545,0.008433896,0.001003000,0.007024000
269,out/benchmarks/non-incremental/QF_SNIA/20180523-Reynolds/kaluza/sat/big/843.corecstrs.readable,z3alpha,Success,sat,48.63,0,0,6028,131596162,230309489,50353900,960586,657925425,207618273,144674781,202013722,116637602,0.059037406,0.035029000,0.013966000
270,out/benchmarks/non-incremental/QF_SNIA/20180523-Reynolds/kaluza/sat/big/808.corecstrs.readable,z3noodler,Success,sat,15.56,0,0,2744,37553727,73606402,15577433,151419,187280155,74708339,17608207,62544754,33772085,0.016270673,0.011975000,0.003992000
271,out/benchmarks/non-incremental/QF_SNIA/20180523-Reynolds/kaluza/sat/big/849.corecstrs.readable,z3,Success,unsupported,8.28,0,0,1893,14747045,18390029,3879459,78744,64598175,17575793,8343293,24002850,14995097,0.009371394,0.003982000,0.004980000
272,out/benchmarks/non-incremental/QF_SNIA/20180523-Reynolds/kaluza/sat/big/851.corecstrs.readable,cvc5,Success,sat,4.19,0,0,601,9459353,12974154,2558713,57636,47296745,12643566,5564322,25070554,4111604,0.005056213,0.002284000,0.002286000
273,out/benchmarks/non-incremental/QF_SNIA/20180523-Reynolds/kaluza/sat/big/812.corecstrs.readable,cvc5,Success,sat,3.87,0,0,609,9470208,14097581,2768155,60419,47351040,13769351,5756400,23610939,4299143,0.004778324,0.003247000,0.001083000
274,out/benchmarks/non-incremental/QF_SNIA/20180523-Reynolds/kaluza/sat/big/812.corecstrs.readable,z3noodler,Success,sat,15.47,0,0,2741,37060919,73607443,15578001,152363,185254790,74683060,17429256,62553775,31929506,0.016312348,0.012003000,0.003984000
275,out/benchmarks/non-incremental/QF_SNIA/20180523-Reynolds/kaluza/sat/big/826.corecstrs.readable,ostrich,Success,sat,2746.32,0,0,32084,8754329868,11854231016,2310712505,68363058,42142783100,7772448662,26010010949,9396952394,7121644258,1.052755250,2.504544000,0.270591000
276,out/benchmarks/non-incremental/QF_SNIA/20180523-Reynolds/kaluza/sat/big/823.corecstrs.readable,ostrich,Success,sat,3240.61,0,0,31226,10077319701,11943370820,2372785852,67973550,44703853230,8389774100,25143244677,9998224189,9984304810,1.030130267,2.935679000,0.340472000
277,out/benchmarks/non-incremental/QF_SNIA/20180523-Reynolds/kaluza/sat/big/843.corecstrs.readable,cvc5,Success,sat,3.66,0,0,601,8852901,12974128,2558706,57978,44264505,12671799,5381175,22219045,4001303,0.004284402,0.002003000,0.001990000
278,out/benchmarks/non-incremental/QF_SNIA/20180523-Reynolds/kaluza/sat/big/845.corecstrs.readable,ostrich,Success,sat,2660.24,0,0,31657,8412538067,11669723712,2277296666,67041321,40671941245,7795677661,24667184355,9222092630,6632339530,1.012484291,2.464427000,0.224380000
279,out/benchmarks/non-incremental/QF_SNIA/20180523-Reynolds/kaluza/sat/big/851.corecstrs.readable,ostrich,Success,sat,2940.32,0,0,32903,8967817285,11730196610,2307187920,67162501,41905001980,8027132925,25053443300,9659325107,7717410187,1.013487983,2.692115000,0.283578000
280,out/benchmarks/non-incremental/QF_SNIA/20180523-Reynolds/kaluza/sat/big/821.corecstrs.readable,cvc5,Success,sat,4.33,0,0,609,9989917,13948199,2740282,60205,49949565,13546861,5876419,26279104,4340471,0.005291167,0.003754000,0.000941000
281,out/benchmarks/non-incremental/QF_SNIA/20180523-Reynolds/kaluza/sat/big/827.corecstrs.readable,z3,Success,unsupported,9.21,0,0,1918,15907159,20764172,4390082,95649,79451220,19514394,10891355,28873827,20609103,0.010188215,0.003835000,0.005765000
282,out/benchmarks/non-incremental/QF_SNIA/20180523-Reynolds/kaluza/sat/big/825.corecstrs.readable,z3alpha,Success,sat,49.16,0,0,6061,133157340,232505055,50817160,976816,665501310,208165352,146792375,209813720,113637331,0.057352226,0.041739000,0.007953000
283,out/benchmarks/non-incremental/QF_SNIA/20180523-Reynolds/kaluza/sat/big/838.corecstrs.readable,z3noodler,Success,sat,16.38,0,0,2738,38141869,73209275,15491282,149653,190494220,73799527,17920421,64334634,35812941,0.017068084,0.009805000,0.006868000
284,out/benchmarks/non-incremental/QF_SNIA/20180523-Reynolds/kaluza/sat/big/808.corecstrs.readable,z3alpha,Success,sat,48.90,0,0,6048,131738564,230905780,50480622,964623,658692760,207801703,144595821,204457912,114311254,0.066005991,0.032865000,0.016449000
285,out/benchmarks/non-incremental/QF_SNIA/20180523-Reynolds/kaluza/sat/big/822.corecstrs.readable,z3noodler,Success,sat,15.00,0,0,2227,37007966,73568168,15568723,151143,185039830,74606084,16684651,61033268,34070293,0.015804180,0.009068000,0.006352000
286,out/benchmarks/non-incremental/QF_SNIA/20180523-Reynolds/kaluza/sat/big/840.corecstrs.readable,ostrich,Success,sat,3091.70,0,0,32247,9724691039,11740654865,2331535728,67374557,43100598130,8303065113,24082656994,10095060363,8959188509,1.030028707,2.852345000,0.280597000
287,out/benchmarks/non-incremental/QF_SNIA/20180523-Reynolds/kaluza/sat/big/827.corecstrs.readable,z3noodler,Success,sat,15.75,0,0,2736,37708613,73574082,15571931,150614,188493975,74519240,16994453,61436502,36920145,0.016451757,0.010106000,0.006056000
288,out/benchmarks/non-incremental/QF_SNIA/20180523-Reynolds/kaluza/sat/big/812.corecstrs.readable,ostrich,Success,sat,3244.40,0,0,31209,10177093354,12213810831,2424113986,69197808,45459744085,8552538507,25486297606,10219457953,10150416682,1.020962668,3.013231000,0.261735000
289,out/benchmarks/non-incremental/QF_SNIA/20180523-Reynolds/kaluza/sat/big/849.corecstrs.readable,ostrich,Success,sat,2905.52,0,0,32075,9118065142,11704812141,2307932748,66802454,42228124855,8040280477,24504445802,9835376584,8031247181,1.013227784,2.624202000,0.306444000
290,out/benchmarks/non-incremental/QF_SNIA/20180523-Reynolds/kaluza/sat/big/822.corecstrs.readable,z3,Success,unsupported,8.69,0,0,1923,15791781,20768047,4391380,94890,78958885,19694620,10824459,28745587,20170976,0.009656111,0.004521000,0.004524000
291,out/benchmarks/non-incremental/QF_SNIA/20180523-Reynolds/kaluza/sat/big/849.corecstrs.readable,cvc5,Success,sat,4.25,0,0,600,9541591,12975306,2558837,57777,47707955,12566545,5612700,25288665,4334583,0.005096153,0.000943000,0.003775000
292,out/benchmarks/non-incremental/QF_SNIA/20180523-Reynolds/kaluza/sat/big/845.corecstrs.readable,z3alpha,Success,sat,47.01,0,0,5526,128101428,230110986,50332661,951703,640440030,206627737,142433026,199576415,104617773,0.054286373,0.032133000,0.015335000
293,out/benchmarks/non-incremental/QF_SNIA/20180523-Reynolds/kaluza/sat/big/840.corecstrs.readable,z3alpha,Success,sat,49.25,0,0,6034,131156278,230085260,50309370,959129,654785695,207398740,150503781,203616871,113016401,0.061177911,0.039473000,0.010044000
294,out/benchmarks/non-incremental/QF_SNIA/20180523-Reynolds/kaluza/sat/big/823.corecstrs.readable,z3alpha,Success,sat,49.25,0,0,6065,131999457,232748464,50868238,983516,659997225,209870639,146224019,206203210,110493747,0.056739364,0.037129000,0.012504000
295,out/benchmarks/non-incremental/QF_SNIA/20180523-Reynolds/kaluza/sat/big/839.corecstrs.readable,cvc5,Success,sat,3.93,0,0,601,8887183,12974338,2558754,57483,44435895,12575237,5576269,22333708,4036576,0.004828270,0.002629000,0.001756000
296,out/benchmarks/non-incremental/QF_SNIA/20180523-Reynolds/kaluza/sat/big/822.corecstrs.readable,ostrich,Success,sat,3062.81,0,0,32352,9636175669,12027589312,2372363828,68810710,43418706450,8330829442,25808376230,9760501037,8512421220,1.025896478,2.763573000,0.327469000
297,out/benchmarks/non-incremental/QF_SNIA/20180523-Reynolds/kaluza/sat/big/808.corecstrs.readable,cvc5,Success,sat,3.99,0,0,610,9437260,14097650,2768165,60519,47186300,13721188,5921418,23528535,4098882,0.004915407,0.002590000,0.001727000
298,out/benchmarks/non-incremental/QF_SNIA/20180523-Reynolds/kaluza/sat/big/820.corecstrs.readable,z3,Success,unsupported,8.26,0,0,1919,14864130,20765805,4390627,94899,74320630,19692048,10187802,26474312,18405304,0.009176219,0.003744000,0.004994000
299,out/benchmarks/non-incremental/QF_SNIA/20180523-Reynolds/kaluza/sat/big/811.corecstrs.readable,z3alpha,Success,sat,47.54,0,0,6047,128465311,230984565,50501859,961704,641317165,208254719,145194224,202115355,100204791,0.055404615,0.036857000,0.010931000
300,out/benchmarks/non-incremental/QF_SNIA/20180523-Reynolds/kaluza/sat/big/826.corecstrs.readable,z3,Success,unsupported,8.76,0,0,1923,15433688,20765013,4390449,93786,77168420,19250572,12084801,26593592,20164966,0.014040223,0.003039000,0.006072000
301,out/benchmarks/non-incremental/QF_SNIA/20180523-Reynolds/kaluza/sat/big/826.corecstrs.readable,z3alpha,Success,sat,47.80,0,0,6072,129910711,232484053,50802317,979024,649021900,208214826,152410784,200315666,102718935,0.059312506,0.033212000,0.014996000
302,out/benchmarks/non-incremental/QF_SNIA/20180523-Reynolds/kaluza/sat/big/843.corecstrs.readable,ostrich,Success,sat,2992.64,0,0,31788,9617323939,11872279120,2345936812,67434330,44251596350,8058465285,25658715730,9561052180,9581496852,1.033093743,2.685035000,0.333525000
303,out/benchmarks/non-incremental/QF_SNIA/20180523-Reynolds/kaluza/sat/big/824.corecstrs.readable,z3noodler,Success,sat,15.85,0,0,2741,37701727,73566375,15568404,151557,188261145,74365066,17704496,63604399,33933986,0.016469854,0.009715000,0.006478000
304,out/benchmarks/non-incremental/QF_SNIA/20180523-Reynolds/kaluza/sat/big/826.corecstrs.readable,z3noodler,Success,sat,16.31,0,0,2744,38336728,73566776,15568660,153888,191570280,73396804,27759406,61012628,37160964,0.033148223,0.010226000,0.006507000
305,out/benchmarks/non-incremental/QF_SNIA/20180523-Reynolds/kaluza/sat/big/849.corecstrs.readable,z3alpha,Success,sat,52.67,0,0,5527,143493560,230214148,50331354,965094,674138715,207933093,144528176,209945187,128818724,0.059776774,0.043095000,0.009870000
306,out/benchmarks/non-incremental/QF_SNIA/20180523-Reynolds/kaluza/sat/big/821.corecstrs.readable,ostrich,Success,sat,3040.11,0,0,32515,9140490212,11942011712,2347515717,68056687,42293227370,8308825042,25394407186,9693945548,7613815405,1.021333392,2.775167000,0.302821000
307,out/benchmarks/non-incremental/QF_SNIA/20180523-Reynolds/kaluza/sat/big/846.corecstrs.readable,z3noodler,Success,sat,15.38,0,0,2736,36516832,73201898,15489082,148702,182584100,74314880,16461103,60230931,32901903,0.016088116,0.009913000,0.005943000
308,out/benchmarks/non-incremental/QF_SNIA/20180523-Reynolds/kaluza/sat/big/845.corecstrs.readable,z3,Success,unsupported,8.04,0,0,1896,13799363,18388089,3878713,76601,68940600,17450259,9176259,23228569,19510018,0.008843765,0.003725000,0.004654000
309,out/benchmarks/non-incremental/QF_SNIA/20180523-Reynolds/kaluza/sat/big/809.corecstrs.readable,cvc5,Success,sat,4.17,0,0,610,10019645,14097646,2768166,60441,50098205,13783771,5893906,26357439,4157057,0.005060908,0.004554000,0.000000000
310,out/benchmarks/non-incremental/QF_SNIA/20180523-Reynolds/kaluza/sat/big/827.corecstrs.readable,cvc5,Success,sat,3.86,0,0,609,9288793,13948124,2740282,60355,46443965,13687996,5646129,23341057,3852804,0.004808412,0.004210000,0.000000000
311,out/benchmarks/non-incremental/QF_SNIA/20180523-Reynolds/kaluza/sat/big/825.corecstrs.readable,z3noodler,Success,sat,15.55,0,0,2737,36909388,73566399,15568355,152872,184235295,74293794,18056394,60031560,33207583,0.016180228,0.009931000,0.005957000
312,out/benchmarks/non-incremental/QF_SNIA/20180523-Reynolds/kaluza/sat/big/839.corecstrs.readable,z3alpha,Success,sat,48.56,0,0,6035,130357951,230188380,50346517,956512,649443570,208103247,141395331,201919818,111321275,0.056413529,0.037969000,0.010978000
313,out/benchmarks/non-incremental/QF_SNIA/20180523-Reynolds/kaluza/sat/big/846.corecstrs.readable,cvc5,Success,sat,3.86,0,0,601,8876383,12974123,2558705,57688,44381915,12734121,5395448,22306691,4031785,0.004669775,0.002157000,0.002157000
314,out/benchmarks/non-incremental/QF_SNIA/20180523-Reynolds/kaluza/sat/big/809.corecstrs.readable,z3alpha,Success,sat,48.35,0,0,6042,130826220,230996448,50510549,968114,654131080,209121795,143148345,204560094,109876329,0.055855893,0.032670000,0.015943000
315,out/benchmarks/non-incremental/QF_SNIA/20180523-Reynolds/kaluza/sat/big/845.corecstrs.readable,z3noodler,Success,sat,15.04,0,0,2228,36634323,73192335,15484010,147413,183171595,73792382,17222361,60453917,33030988,0.015661850,0.011577000,0.003865000
316,out/benchmarks/non-incremental/QF_SNIA/20180523-Reynolds/kaluza/sat/big/851.corecstrs.readable,z3noodler,Success,sat,15.59,0,0,2226,37442184,73194075,15484477,149313,187172285,73991040,17610144,61738694,35190764,0.016741350,0.010386000,0.005669000
317,out/benchmarks/non-incremental/QF_SNIA/20180523-Reynolds/kaluza/sat/big/809.corecstrs.readable,z3noodler,Success,sat,16.92,0,0,2742,40297304,73616843,15583492,152511,192093040,74435753,16565146,64115211,38370999,0.018135943,0.011210000,0.006113000
318,out/benchmarks/non-incremental/QF_SNIA/20180523-Reynolds/kaluza/sat/big/811.corecstrs.readable,ostrich,Success,sat,3056.38,0,0,31022,9096164257,12071575763,2363611490,69082933,42875853665,8322731800,25929572141,9564243944,7850392088,1.038532219,2.749308000,0.344698000
319,out/benchmarks/non-incremental/QF_SNIA/20180523-Reynolds/kaluza/sat/big/846.corecstrs.readable,ostrich,Success,sat,2990.30,0,0,32033,9380509667,11778208125,2318847890,67664865,42746678835,8121073398,26083242817,9313498226,8248533785,1.031780029,2.694427000,0.325719000
320,out/benchmarks/non-incremental/QF_SNIA/20180523-Reynolds/kaluza/sat/big/849.corecstrs.readable,z3noodler,Success,sat,15.70,0,0,2737,37585747,73196186,15485615,149710,187928715,74224203,16933081,63494665,34627631,0.016330981,0.010072000,0.006040000
321,out/benchmarks/non-incremental/QF_SNIA/20180523-Reynolds/kaluza/sat/big/821.corecstrs.readable,z3,Success,unsupported,8.61,0,0,1923,15349888,20730619,4383484,94557,76749420,19721477,10212526,27068356,20204362,0.009429652,0.004516000,0.004518000
322,out/benchmarks/non-incremental/QF_SNIA/20180523-Reynolds/kaluza/sat/big/811.corecstrs.readable,cvc5,Success,sat,4.34,0,0,610,10034462,14096347,2767995,60200,50172310,13803863,5902624,26199374,4359663,0.005236461,0.001937000,0.002908000
323,out/benchmarks/non-incremental/QF_SNIA/20180523-Reynolds/kaluza/sat/big/843.corecstrs.readable,z3,Success,unsupported,8.12,0,0,1897,13819010,18394526,3880525,77049,69095030,17434054,8929829,23487543,19491364,0.008916967,0.001720000,0.006880000
324,out/benchmarks/non-incremental/QF_SNIA/20180523-Reynolds/kaluza/sat/big/840.corecstrs.readable,z3noodler,Success,sat,15.28,0,0,2737,36782509,73193291,15484788,149321,183805690,74133265,17290764,59883628,33838823,0.015923555,0.011749000,0.003918000
325,out/benchmarks/non-incremental/QF_SNIA/20180523-Reynolds/kaluza/sat/big/840.corecstrs.readable,cvc5,Success,sat,4.09,0,0,601,9441710,12974190,2558722,57597,47208550,12620107,5553947,25023922,4104054,0.005083217,0.002240000,0.002243000
326,out/benchmarks/non-incremental/QF_SNIA/20180523-Reynolds/kaluza/sat/big/846.corecstrs.readable,z3,Success,unsupported,7.98,0,0,1899,13384575,18393727,3880223,76561,66922835,17644107,8621858,21795828,19226457,0.009075183,0.004823000,0.003629000
327,out/benchmarks/non-incremental/QF_SNIA/20180523-Reynolds/kaluza/sat/big/838.corecstrs.readable,ostrich,Success,sat,3219.61,0,0,32560,10044684948,11845084836,2362046450,66954704,44989973740,8195769888,25683166364,9700705423,10413420022,1.031013175,2.957608000,0.294123000
328,out/benchmarks/non-incremental/QF_SNIA/20180523-Reynolds/kaluza/sat/big/823.corecstrs.readable,cvc5,Success,sat,4.02,0,0,609,9756838,13948186,2740290,60739,48784170,13612937,5930624,25091565,4238725,0.005054992,0.002226000,0.002231000
329,out/benchmarks/non-incremental/QF_SNIA/20180523-Reynolds/kaluza/sat/big/827.corecstrs.readable,z3alpha,Success,sat,49.24,0,0,6061,132479280,232569775,50808634,978928,659426695,210373994,144905398,203893400,113396228,0.056812464,0.037074000,0.012508000
330,out/benchmarks/non-incremental/QF_SNIA/20180523-Reynolds/kaluza/sat/big/843.corecstrs.readable,z3noodler,Success,sat,15.59,0,0,2740,37006101,73205118,15490178,149792,184079015,74213024,18035768,59306578,33913086,0.016386800,0.011775000,0.004283000
331,out/benchmarks/non-incremental/QF_SNIA/20180523-Reynolds/kaluza/sat/big/808.corecstrs.readable,ostrich,Success,sat,3130.92,0,0,32488,10076536356,12176371066,2415257715,68949515,45394167285,8803793423,24735094626,10442135396,10276433981,1.011986722,2.859197000,0.299395000
332,out/benchmarks/non-incremental/QF_SNIA/20180523-Reynolds/kaluza/sat/big/822.corecstrs.readable,cvc5,Success,sat,4.37,0,0,609,9966089,13948147,2740281,60101,49830425,13514536,6057816,26020997,4330105,0.005186374,0.002394000,0.002396000
333,out/benchmarks/non-incremental/QF_SNIA/20180523-Reynolds/kaluza/sat/big/851.corecstrs.readable,z3alpha,Success,sat,48.73,0,0,6032,130917719,230131236,50328843,963508,650132955,208654593,150054755,203404086,108511954,0.057739932,0.031379000,0.017630000
334,out/benchmarks/non-incremental/QF_SNIA/20180523-Reynolds/kaluza/sat/big/824.corecstrs.readable,cvc5,Success,sat,4.34,0,0,608,9993872,13948196,2740279,60096,49969360,13552425,5878748,26289713,4342387,0.005261958,0.001898000,0.002848000
335,out/benchmarks/non-incremental/QF_SNIA/20180523-Reynolds/kaluza/sat/big/838.corecstrs.readable,z3,Success,unsupported,7.86,0,0,1899,13181947,18392672,3879932,77413,65909735,17453522,9035397,21177260,18640497,0.008638298,0.002075000,0.006217000
336,out/benchmarks/non-incremental/QF_SNIA/20180523-Reynolds/kaluza/sat/big/821.corecstrs.readable,z3alpha,Success,sat,49.75,0,0,6063,134727788,232452799,50794233,975826,673410860,209489762,145844517,207917989,124457810,0.057246280,0.043801000,0.006318000
337,out/benchmarks/non-incremental/QF_SNIA/20180523-Reynolds/kaluza/sat/big/820.corecstrs.readable,z3noodler,Success,sat,14.72,0,0,2228,36694026,73564553,15567578,152283,183410480,73960221,17256270,60482381,33057676,0.015449340,0.009489000,0.005700000
338,out/benchmarks/non-incremental/QF_SNIA/20180523-Reynolds/kaluza/sat/big/812.corecstrs.readable,z3alpha,Success,sat,48.38,0,0,6050,130486754,230894057,50472221,964304,652433750,208496897,143374742,202877232,111338306,0.055927207,0.033976000,0.014840000
339,out/benchmarks/non-incremental/QF_SNIA/20180523-Reynolds/kaluza/sat/big/823.corecstrs.readable,z3,Success,unsupported,8.79,0,0,1920,15841983,20765328,4390464,93325,79137650,19741788,10536771,28831465,20522144,0.009666387,0.005770000,0.003464000
340,out/benchmarks/non-incremental/QF_SNIA/20180523-Reynolds/kaluza/sat/big/812.corecstrs.readable,z3,Success,unsupported,8.11,0,0,1905,13904868,19206501,4057924,82499,69524340,18405959,9258527,22830403,19396141,0.008851036,0.000000000,0.008417000
341,out/benchmarks/non-incremental/QF_SNIA/20180523-Reynolds/kaluza/sat/big/839.corecstrs.readable,z3noodler,Success,sat,15.08,0,0,2738,36410163,73201599,15488609,149803,182050815,74119238,17126943,60043627,32101350,0.015722955,0.011352000,0.004129000
342,out/benchmarks/non-incremental/QF_SNIA/20180523-Reynolds/kaluza/sat/big/825.corecstrs.readable,cvc5,Success,sat,4.41,0,0,609,10002266,13948212,2740297,60148,50011310,13563844,5883683,26311825,4346074,0.005231224,0.002889000,0.001927000
343,out/benchmarks/non-incremental/QF_SNIA/20180523-Reynolds/kaluza/sat/big/851.corecstrs.readable,z3,Success,unsupported,7.80,0,0,1900,13314792,18393135,3880037,76961,66573960,17628746,8866073,21397875,19086227,0.008599423,0.002330000,0.005826000
344,out/benchmarks/non-incremental/QF_SNIA/20180523-Reynolds/kaluza/sat/big/820.corecstrs.readable,ostrich,Success,sat,3024.99,0,0,33309,9356447268,11863309831,2341073345,68061752,42600134320,8262294601,24891917511,9784416516,8185390426,1.010800860,2.733614000,0.330408000
